charger_id,source_row,station_name,owner,city,district,address,facility_major,facility_minor,connector_label,dc_combo_present,ac_slow_label,nameplate_power_kw,power_share_label,weekday_open_min,weekday_close_min,weekend_open_min,weekend_close_min,opening_hours_source,access_note,access_restriction_recorded,seoul_boundary,connector_or_power_conflict,pv5_connector_candidate,model_candidate_after_data_checks,lat,lon,charging_operator,billed_krw_per_kwh,vehicle_entry_verified,current_operational_status,review_reason,source_file
seoul_owned_50동부캠퍼스_1,2,50동부캠퍼스,서울시,서울특별시,광진구,서울특별시 광진구 능동로3길 66-12 50 동부캠퍼스,공공시설,지자체시설,AC완속,False,True,7,단독,0,1440,0,1440,24시간 이용가능,,False,True,False,True,True,,,,,,,AC완속 물리 커넥터 규격·현장 진입 확인 필요,01_raw_data/charging/서울시 소유 전기차 충전소 정보.csv
seoul_owned_50동부캠퍼스_2,3,50동부캠퍼스,서울시,서울특별시,광진구,서울특별시 광진구 능동로3길 66-12 50 동부캠퍼스,공공시설,지자체시설,AC완속,False,True,7,단독,0,1440,0,1440,24시간 이용가능,,False,True,False,True,True,,,,,,,AC완속 물리 커넥터 규격·현장 진입 확인 필요,01_raw_data/charging/서울시 소유 전기차 충전소 정보.csv
seoul_owned_50동부캠퍼스_3,4,50동부캠퍼스,서울시,서울특별시,광진구,서울특별시 광진구 능동로3길 66-12 50 동부캠퍼스,공공시설,지자체시설,AC완속,False,True,7,단독,0,1440,0,1440,24시간 이용가능,,False,True,False,True,True,,,,,,,AC완속 물리 커넥터 규격·현장 진입 확인 필요,01_raw_data/charging/서울시 소유 전기차 충전소 정보.csv
seoul_owned_50동부캠퍼스_4,5,50동부캠퍼스,서울시,서울특별시,광진구,서울특별시 광진구 능동로3길 66-12 50 동부캠퍼스,공공시설,지자체시설,AC완속,False,True,7,단독,0,1440,0,1440,24시간 이용가능,,False,True,False,True,True,,,,,,,AC완속 물리 커넥터 규격·현장 진입 확인 필요,01_raw_data/charging/서울시 소유 전기차 충전소 정보.csv
seoul_owned_50동부캠퍼스_5,6,50동부캠퍼스,서울시,서울특별시,광진구,서울특별시 광진구 능동로3길 66-12 50 동부캠퍼스,공공시설,지자체시설,AC완속,False,True,7,단독,0,1440,0,1440,24시간 이용가능,,False,True,False,True,True,,,,,,,AC완속 물리 커넥터 규격·현장 진입 확인 필요,01_raw_data/charging/서울시 소유 전기차 충전소 정보.csv
seoul_owned_50동부캠퍼스_6,7,50동부캠퍼스,서울시,서울특별시,광진구,서울특별시 광진구 능동로3길 66-12 50 동부캠퍼스,공공시설,지자체시설,AC완속,False,True,7,단독,0,1440,0,1440,24시간 이용가능,,False,True,False,True,True,,,,,,,AC완속 물리 커넥터 규격·현장 진입 확인 필요,01_raw_data/charging/서울시 소유 전기차 충전소 정보.csv
seoul_owned_50동부캠퍼스_7,8,50동부캠퍼스,서울시,서울특별시,광진구,서울특별시 광진구 능동로3길 66-12 50 동부캠퍼스,공공시설,지자체시설,AC완속,False,True,7,단독,0,1440,0,1440,24시간 이용가능,,False,True,False,True,True,,,,,,,AC완속 물리 커넥터 규격·현장 진입 확인 필요,01_raw_data/charging/서울시 소유 전기차 충전소 정보.csv
seoul_owned_50동부캠퍼스_8,9,50동부캠퍼스,서울시,서울특별시,광진구,서울특별시 광진구 능동로3길 66-12 50 동부캠퍼스,공공시설,지자체시설,AC완속,False,True,7,단독,0,1440,0,1440,24시간 이용가능,,False,True,False,True,True,,,,,,,AC완속 물리 커넥터 규격·현장 진입 확인 필요,01_raw_data/charging/서울시 소유 전기차 충전소 정보.csv
seoul_owned_50동부캠퍼스_9,10,50동부캠퍼스,서울시,서울특별시,광진구,서울특별시 광진구 능동로3길 66-12 50 동부캠퍼스,공공시설,지자체시설,AC완속,False,True,7,단독,0,1440,0,1440,24시간 이용가능,,False,True,False,True,True,,,,,,,AC완속 물리 커넥터 규격·현장 진입 확인 필요,01_raw_data/charging/서울시 소유 전기차 충전소 정보.csv
seoul_owned_50동부캠퍼스_10,11,50동부캠퍼스,서울시,서울특별시,광진구,서울특별시 광진구 능동로3길 66-12 50 동부캠퍼스,공공시설,지자체시설,AC완속,False,True,7,단독,0,1440,0,1440,24시간 이용가능,,False,True,False,True,True,,,,,,,AC완속 물리 커넥터 규격·현장 진입 확인 필요,01_raw_data/charging/서울시 소유 전기차 충전소 정보.csv
seoul_owned_50동부캠퍼스_11,12,50동부캠퍼스,서울시,서울특별시,광진구,서울특별시 광진구 능동로3길 66-12 50 동부캠퍼스,공공시설,지자체시설,DC콤보,True,False,50,단독,0,1440,0,1440,24시간 이용가능,,False,True,False,True,True,,,,,,,DC콤보 후보. 현장 진입·가용성·요금·좌표 확인 필요,01_raw_data/charging/서울시 소유 전기차 충전소 정보.csv
seoul_owned_50동부캠퍼스_12,13,50동부캠퍼스,서울시,서울특별시,광진구,서울특별시 광진구 능동로3길 66-12 50 동부캠퍼스,공공시설,지자체시설,DC콤보,True,False,100,단독,0,1440,0,1440,24시간 이용가능,,False,True,False,True,True,,,,,,,DC콤보 후보. 현장 진입·가용성·요금·좌표 확인 필요,01_raw_data/charging/서울시 소유 전기차 충전소 정보.csv
seoul_owned_50동부캠퍼스_13,14,50동부캠퍼스,서울시,서울특별시,광진구,서울특별시 광진구 능동로3길 66-12 50 동부캠퍼스,공공시설,지자체시설,DC콤보,True,False,100,단독,0,1440,0,1440,24시간 이용가능,,False,True,False,True,True,,,,,,,DC콤보 후보. 현장 진입·가용성·요금·좌표 확인 필요,01_raw_data/charging/서울시 소유 전기차 충전소 정보.csv
seoul_owned_AI 체육센터_1,15,AI 체육센터,서울시,서울특별시,서초구,서울특별시 서초구 태봉로 108 AI 체육센터,공공시설,주민센터,AC완속,False,True,7,단독,0,1440,0,1440,24시간 이용가능,,False,True,False,True,True,,,,,,,AC완속 물리 커넥터 규격·현장 진입 확인 필요,01_raw_data/charging/서울시 소유 전기차 충전소 정보.csv
seoul_owned_AI 체육센터_2,16,AI 체육센터,서울시,서울특별시,서초구,서울특별시 서초구 태봉로 108 AI 체육센터,공공시설,주민센터,DC콤보,True,False,100,단독,0,1440,0,1440,24시간 이용가능,,False,True,False,True,True,,,,,,,DC콤보 후보. 현장 진입·가용성·요금·좌표 확인 필요,01_raw_data/charging/서울시 소유 전기차 충전소 정보.csv
seoul_owned_SK허브수 인근 거주자우선주차장_1,17,SK허브수 인근 거주자우선주차장,서울시,서울특별시,구로구,"서울특별시 구로구 구일로10길 27 (구로동, SK허브수) 지상1층 A동 앞 노상공영주차장",주차시설,공영주차장,AC완속,False,True,7,단독,0,1440,0,1440,24시간 이용가능,,False,True,False,True,True,,,,,,,AC완속 물리 커넥터 규격·현장 진입 확인 필요,01_raw_data/charging/서울시 소유 전기차 충전소 정보.csv
seoul_owned_SK허브수 인근 거주자우선주차장_2,18,SK허브수 인근 거주자우선주차장,서울시,서울특별시,구로구,"서울특별시 구로구 구일로10길 27 (구로동, SK허브수) 지상1층 A동 앞 노상공영주차장",주차시설,공영주차장,AC완속,False,True,7,단독,0,1440,0,1440,24시간 이용가능,,False,True,False,True,True,,,,,,,AC완속 물리 커넥터 규격·현장 진입 확인 필요,01_raw_data/charging/서울시 소유 전기차 충전소 정보.csv
seoul_owned_가산 공영주차장_1,19,가산 공영주차장,서울시,서울특별시,금천구,"서울특별시 금천구 시흥대로153길 53 (가산동, 가산공영주차장) 지상 3층 옥상 진입로 왼쪽 10M",주차시설,공영주차장,DC콤보,True,False,50,단독,480,1140,540,1080,"주중 08:00~19:00, 주말 09:00~18:00",,False,True,False,True,True,,,,,,,DC콤보 후보. 현장 진입·가용성·요금·좌표 확인 필요,01_raw_data/charging/서울시 소유 전기차 충전소 정보.csv
seoul_owned_강남구 압구정 나들목 앞 가로등형 충전기_1,20,강남구 압구정 나들목 앞 가로등형 충전기,서울시,서울특별시,강남구,서울특별시 강남구 압구정로 321 (서울특별시 강남구 선릉로189길 2 전기차충전소),주차시설,일반주차장,DC콤보,True,False,50,단독,0,1440,0,1440,24시간 이용가능,,False,True,False,True,True,,,,,,,DC콤보 후보. 현장 진입·가용성·요금·좌표 확인 필요,01_raw_data/charging/서울시 소유 전기차 충전소 정보.csv
seoul_owned_강남구 압구정 나들목 앞 가로등형 충전기_2,21,강남구 압구정 나들목 앞 가로등형 충전기,서울시,서울특별시,강남구,서울특별시 강남구 압구정로 321 (서울특별시 강남구 선릉로189길 2 전기차충전소),주차시설,일반주차장,DC콤보,True,False,50,단독,0,1440,0,1440,24시간 이용가능,,False,True,False,True,True,,,,,,,DC콤보 후보. 현장 진입·가용성·요금·좌표 확인 필요,01_raw_data/charging/서울시 소유 전기차 충전소 정보.csv
seoul_owned_강남운전면허시험장_1,22,강남운전면허시험장,서울시,서울특별시,강남구,서울특별시 강남구 테헤란로114길 23 주차장 출구 인근,공공시설,공공기관,DC콤보,True,False,50,단독,540,1080,,,평일 09:00~18:00,,False,True,False,True,True,,,,,,,DC콤보 후보. 현장 진입·가용성·요금·좌표 확인 필요,01_raw_data/charging/서울시 소유 전기차 충전소 정보.csv
seoul_owned_강남주민편익시설_1,23,강남주민편익시설,서울시,서울특별시,강남구,서울특별시 강남구 남부순환로 3318 강남주민편익시설 입구,공공시설,지자체시설,DC콤보,True,False,50,단독,0,1440,0,1440,24시간 이용가능,,False,True,False,True,True,,,,,,,DC콤보 후보. 현장 진입·가용성·요금·좌표 확인 필요,01_raw_data/charging/서울시 소유 전기차 충전소 정보.csv
seoul_owned_강남주민편익시설_2,24,강남주민편익시설,서울시,서울특별시,강남구,서울특별시 강남구 남부순환로 3318 강남주민편익시설 입구,공공시설,지자체시설,DC콤보,True,False,50,단독,0,1440,0,1440,24시간 이용가능,,False,True,False,True,True,,,,,,,DC콤보 후보. 현장 진입·가용성·요금·좌표 확인 필요,01_raw_data/charging/서울시 소유 전기차 충전소 정보.csv
seoul_owned_강남주민편익시설_3,25,강남주민편익시설,서울시,서울특별시,강남구,서울특별시 강남구 남부순환로 3318 강남주민편익시설 입구,공공시설,지자체시설,DC콤보,True,False,50,단독,0,1440,0,1440,24시간 이용가능,,False,True,False,True,True,,,,,,,DC콤보 후보. 현장 진입·가용성·요금·좌표 확인 필요,01_raw_data/charging/서울시 소유 전기차 충전소 정보.csv
seoul_owned_강남주민편익시설_4,26,강남주민편익시설,서울시,서울특별시,강남구,서울특별시 강남구 남부순환로 3318 강남주민편익시설 입구,공공시설,지자체시설,DC콤보,True,False,50,단독,0,1440,0,1440,24시간 이용가능,,False,True,False,True,True,,,,,,,DC콤보 후보. 현장 진입·가용성·요금·좌표 확인 필요,01_raw_data/charging/서울시 소유 전기차 충전소 정보.csv
seoul_owned_강동구청_1,27,강동구청,서울시,서울특별시,강동구,서울시 강동구 성내로 25,공공시설,관공서,DC콤보,True,False,100,동시,0,1440,0,1440,24시간 이용가능,,False,True,False,True,True,,,,,,,DC콤보 후보. 현장 진입·가용성·요금·좌표 확인 필요,01_raw_data/charging/서울시 소유 전기차 충전소 정보.csv
seoul_owned_강동구청_2,28,강동구청,서울시,서울특별시,강동구,서울시 강동구 성내로 25,공공시설,관공서,DC콤보,True,False,100,동시,0,1440,0,1440,24시간 이용가능,,False,True,False,True,True,,,,,,,DC콤보 후보. 현장 진입·가용성·요금·좌표 확인 필요,01_raw_data/charging/서울시 소유 전기차 충전소 정보.csv
seoul_owned_강동구청 제2구민체육센터_1,29,강동구청 제2구민체육센터,서울시,서울특별시,강동구,서울시 강동구 강일동 665-4,공공시설,지자체시설,DC콤보,True,False,100,단독,0,1440,0,1440,24시간 이용가능,,False,True,False,True,True,,,,,,,DC콤보 후보. 현장 진입·가용성·요금·좌표 확인 필요,01_raw_data/charging/서울시 소유 전기차 충전소 정보.csv
seoul_owned_강동구청 제2구민체육센터_2,30,강동구청 제2구민체육센터,서울시,서울특별시,강동구,서울시 강동구 강일동 665-4,공공시설,지자체시설,DC콤보,True,False,100,동시,0,1440,0,1440,24시간 이용가능,,False,True,False,True,True,,,,,,,DC콤보 후보. 현장 진입·가용성·요금·좌표 확인 필요,01_raw_data/charging/서울시 소유 전기차 충전소 정보.csv
seoul_owned_강동구청 제2구민체육센터_3,31,강동구청 제2구민체육센터,서울시,서울특별시,강동구,서울시 강동구 강일동 665-4,공공시설,지자체시설,DC콤보,True,False,100,동시,0,1440,0,1440,24시간 이용가능,,False,True,False,True,True,,,,,,,DC콤보 후보. 현장 진입·가용성·요금·좌표 확인 필요,01_raw_data/charging/서울시 소유 전기차 충전소 정보.csv
seoul_owned_강동문화재단_1,32,강동문화재단,서울시,서울특별시,강동구,서울특별시 강동구 동남로 870 강동아트센터,공공시설,지자체시설,AC완속,False,True,7,단독,0,1440,0,1440,24시간 이용가능,,False,True,False,True,True,,,,,,,AC완속 물리 커넥터 규격·현장 진입 확인 필요,01_raw_data/charging/서울시 소유 전기차 충전소 정보.csv
seoul_owned_강동문화재단_2,33,강동문화재단,서울시,서울특별시,강동구,서울특별시 강동구 동남로 870 강동아트센터,공공시설,지자체시설,AC완속,False,True,7,단독,0,1440,0,1440,24시간 이용가능,,False,True,False,True,True,,,,,,,AC완속 물리 커넥터 규격·현장 진입 확인 필요,01_raw_data/charging/서울시 소유 전기차 충전소 정보.csv
seoul_owned_강동문화재단_3,34,강동문화재단,서울시,서울특별시,강동구,서울특별시 강동구 동남로 870 강동아트센터,공공시설,지자체시설,AC완속,False,True,7,단독,0,1440,0,1440,24시간 이용가능,,False,True,False,True,True,,,,,,,AC완속 물리 커넥터 규격·현장 진입 확인 필요,01_raw_data/charging/서울시 소유 전기차 충전소 정보.csv
seoul_owned_개봉1동 노외공영주차장_1,35,개봉1동 노외공영주차장,서울시,서울특별시,구로구,서울특별시 구로구 경인로33길 51 노외공영주차장,주차시설,공영주차장,AC완속,False,True,7,단독,0,1440,0,1440,24시간 이용가능,,False,True,False,True,True,,,,,,,AC완속 물리 커넥터 규격·현장 진입 확인 필요,01_raw_data/charging/서울시 소유 전기차 충전소 정보.csv
seoul_owned_개봉1동 노외공영주차장_2,36,개봉1동 노외공영주차장,서울시,서울특별시,구로구,서울특별시 구로구 경인로33길 51 노외공영주차장,주차시설,공영주차장,AC완속,False,True,7,단독,0,1440,0,1440,24시간 이용가능,,False,True,False,True,True,,,,,,,AC완속 물리 커넥터 규격·현장 진입 확인 필요,01_raw_data/charging/서울시 소유 전기차 충전소 정보.csv
seoul_owned_개화산역 공영주차장_1,37,개화산역 공영주차장,서울시,서울특별시,강서구,"서울특별시 강서구 양천로 22 (방화동, 개화산역 공영주차장) 지상1층 진입로 직진 10M",주차시설,공영주차장,DC콤보,True,False,50,단독,0,1440,0,1440,24시간 이용가능,,False,True,False,True,True,,,,,,,DC콤보 후보. 현장 진입·가용성·요금·좌표 확인 필요,01_raw_data/charging/서울시 소유 전기차 충전소 정보.csv
seoul_owned_개화산역 공영주차장_2,38,개화산역 공영주차장,서울시,서울특별시,강서구,"서울특별시 강서구 양천로 22 (방화동, 개화산역 공영주차장) 지상1층 진입로 직진 10M",주차시설,공영주차장,DC콤보,True,False,200,동시,0,1440,0,1440,24시간 이용가능,,False,True,False,True,True,,,,,,,DC콤보 후보. 현장 진입·가용성·요금·좌표 확인 필요,01_raw_data/charging/서울시 소유 전기차 충전소 정보.csv
seoul_owned_개화산역 공영주차장_3,39,개화산역 공영주차장,서울시,서울특별시,강서구,"서울특별시 강서구 양천로 22 (방화동, 개화산역 공영주차장) 지상1층 진입로 직진 10M",주차시설,공영주차장,DC콤보,True,False,200,동시,0,1440,0,1440,24시간 이용가능,,False,True,False,True,True,,,,,,,DC콤보 후보. 현장 진입·가용성·요금·좌표 확인 필요,01_raw_data/charging/서울시 소유 전기차 충전소 정보.csv
seoul_owned_개화산역 공영주차장_4,40,개화산역 공영주차장,서울시,서울특별시,강서구,"서울특별시 강서구 양천로 22 (방화동, 개화산역 공영주차장) 지상1층 진입로 직진 10M",주차시설,공영주차장,DC콤보,True,False,200,동시,0,1440,0,1440,24시간 이용가능,,False,True,False,True,True,,,,,,,DC콤보 후보. 현장 진입·가용성·요금·좌표 확인 필요,01_raw_data/charging/서울시 소유 전기차 충전소 정보.csv
seoul_owned_개화산역 공영주차장_5,41,개화산역 공영주차장,서울시,서울특별시,강서구,"서울특별시 강서구 양천로 22 (방화동, 개화산역 공영주차장) 지상1층 진입로 직진 10M",주차시설,공영주차장,DC콤보,True,False,200,동시,0,1440,0,1440,24시간 이용가능,,False,True,False,True,True,,,,,,,DC콤보 후보. 현장 진입·가용성·요금·좌표 확인 필요,01_raw_data/charging/서울시 소유 전기차 충전소 정보.csv
seoul_owned_개화산역 공영주차장_6,42,개화산역 공영주차장,서울시,서울특별시,강서구,"서울특별시 강서구 양천로 22 (방화동, 개화산역 공영주차장) 지상1층 진입로 직진 10M",주차시설,공영주차장,DC콤보,True,False,100,동시,0,1440,0,1440,24시간 이용가능,,False,True,False,True,True,,,,,,,DC콤보 후보. 현장 진입·가용성·요금·좌표 확인 필요,01_raw_data/charging/서울시 소유 전기차 충전소 정보.csv
seoul_owned_개화산역 공영주차장_7,43,개화산역 공영주차장,서울시,서울특별시,강서구,"서울특별시 강서구 양천로 22 (방화동, 개화산역 공영주차장) 지상1층 진입로 직진 10M",주차시설,공영주차장,DC콤보,True,False,200,동시,0,1440,0,1440,24시간 이용가능,,False,True,False,True,True,,,,,,,DC콤보 후보. 현장 진입·가용성·요금·좌표 확인 필요,01_raw_data/charging/서울시 소유 전기차 충전소 정보.csv
seoul_owned_고척1동 마을 공영주차장_1,44,고척1동 마을 공영주차장,서울시,서울특별시,구로구,서울특별시 구로구 중앙로8길 16 지상 5층,공공시설,지자체시설,DC콤보,True,False,50,단독,0,1440,0,1440,24시간 이용가능,,False,True,False,True,True,,,,,,,DC콤보 후보. 현장 진입·가용성·요금·좌표 확인 필요,01_raw_data/charging/서울시 소유 전기차 충전소 정보.csv
seoul_owned_고척1동 마을 공영주차장_2,45,고척1동 마을 공영주차장,서울시,서울특별시,구로구,서울특별시 구로구 중앙로8길 16 지상 5층,공공시설,지자체시설,DC콤보,True,False,50,단독,0,1440,0,1440,24시간 이용가능,,False,True,False,True,True,,,,,,,DC콤보 후보. 현장 진입·가용성·요금·좌표 확인 필요,01_raw_data/charging/서울시 소유 전기차 충전소 정보.csv
seoul_owned_고척1동 마을 공영주차장_3,46,고척1동 마을 공영주차장,서울시,서울특별시,구로구,서울특별시 구로구 중앙로8길 16 지상 5층,공공시설,지자체시설,DC콤보,True,False,50,단독,0,1440,0,1440,24시간 이용가능,,False,True,False,True,True,,,,,,,DC콤보 후보. 현장 진입·가용성·요금·좌표 확인 필요,01_raw_data/charging/서울시 소유 전기차 충전소 정보.csv
seoul_owned_고척1동 마을 공영주차장_4,47,고척1동 마을 공영주차장,서울시,서울특별시,구로구,서울특별시 구로구 중앙로8길 16 지상 5층,공공시설,지자체시설,DC콤보,True,False,50,단독,0,1440,0,1440,24시간 이용가능,,False,True,False,True,True,,,,,,,DC콤보 후보. 현장 진입·가용성·요금·좌표 확인 필요,01_raw_data/charging/서울시 소유 전기차 충전소 정보.csv
seoul_owned_고척1동 마을 공영주차장_5,48,고척1동 마을 공영주차장,서울시,서울특별시,구로구,서울특별시 구로구 중앙로8길 16 지상 5층,공공시설,지자체시설,DC콤보,True,False,50,단독,0,1440,0,1440,24시간 이용가능,,False,True,False,True,True,,,,,,,DC콤보 후보. 현장 진입·가용성·요금·좌표 확인 필요,01_raw_data/charging/서울시 소유 전기차 충전소 정보.csv
seoul_owned_고척스카이돔_1,49,고척스카이돔,서울시,서울특별시,구로구,서울특별시 구로구 안양천로 545 고척스카이돔,공공시설,공공기관,DC콤보,True,False,90,동시,0,1440,0,1440,24시간 이용가능,,False,True,False,True,True,,,,,,,DC콤보 후보. 현장 진입·가용성·요금·좌표 확인 필요,01_raw_data/charging/서울시 소유 전기차 충전소 정보.csv
seoul_owned_고척스카이돔_2,50,고척스카이돔,서울시,서울특별시,구로구,서울특별시 구로구 안양천로 545 고척스카이돔,공공시설,공공기관,DC콤보,True,False,90,동시,0,1440,0,1440,24시간 이용가능,,False,True,False,True,True,,,,,,,DC콤보 후보. 현장 진입·가용성·요금·좌표 확인 필요,01_raw_data/charging/서울시 소유 전기차 충전소 정보.csv
seoul_owned_고척스카이돔_3,51,고척스카이돔,서울시,서울특별시,구로구,서울특별시 구로구 안양천로 545 고척스카이돔,공공시설,공공기관,DC콤보,True,False,90,동시,0,1440,0,1440,24시간 이용가능,,False,True,False,True,True,,,,,,,DC콤보 후보. 현장 진입·가용성·요금·좌표 확인 필요,01_raw_data/charging/서울시 소유 전기차 충전소 정보.csv
seoul_owned_고척스카이돔_4,52,고척스카이돔,서울시,서울특별시,구로구,서울특별시 구로구 안양천로 545 고척스카이돔,공공시설,공공기관,DC콤보,True,False,90,동시,0,1440,0,1440,24시간 이용가능,,False,True,False,True,True,,,,,,,DC콤보 후보. 현장 진입·가용성·요금·좌표 확인 필요,01_raw_data/charging/서울시 소유 전기차 충전소 정보.csv
seoul_owned_고척스카이돔_5,53,고척스카이돔,서울시,서울특별시,구로구,서울특별시 구로구 안양천로 545 고척스카이돔,공공시설,공공기관,DC콤보,True,False,90,동시,0,1440,0,1440,24시간 이용가능,,False,True,False,True,True,,,,,,,DC콤보 후보. 현장 진입·가용성·요금·좌표 확인 필요,01_raw_data/charging/서울시 소유 전기차 충전소 정보.csv
seoul_owned_고척스카이돔_6,54,고척스카이돔,서울시,서울특별시,구로구,서울특별시 구로구 안양천로 545 고척스카이돔,공공시설,공공기관,DC콤보,True,False,90,동시,0,1440,0,1440,24시간 이용가능,,False,True,False,True,True,,,,,,,DC콤보 후보. 현장 진입·가용성·요금·좌표 확인 필요,01_raw_data/charging/서울시 소유 전기차 충전소 정보.csv
seoul_owned_고척스카이돔_7,55,고척스카이돔,서울시,서울특별시,구로구,서울특별시 구로구 안양천로 545 고척스카이돔,공공시설,공공기관,AC완속,False,True,7,단독,0,1440,0,1440,24시간 이용가능,,False,True,False,True,True,,,,,,,AC완속 물리 커넥터 규격·현장 진입 확인 필요,01_raw_data/charging/서울시 소유 전기차 충전소 정보.csv
seoul_owned_곰달래5길 노상공영주차장_1,56,곰달래5길 노상공영주차장,서울시,서울특별시,양천구,서울특별시 양천구 곰달래로5길 17 신월프라자 앞 주차구획,주차시설,공영주차장,DC콤보,True,False,50,단독,0,1440,0,1440,24시간 이용가능,,False,True,False,True,True,,,,,,,DC콤보 후보. 현장 진입·가용성·요금·좌표 확인 필요,01_raw_data/charging/서울시 소유 전기차 충전소 정보.csv
seoul_owned_곰달래5길 노상공영주차장_2,57,곰달래5길 노상공영주차장,서울시,서울특별시,양천구,서울특별시 양천구 곰달래로5길 17 신월프라자 앞 주차구획,주차시설,공영주차장,DC콤보,True,False,50,단독,0,1440,0,1440,24시간 이용가능,,False,True,False,True,True,,,,,,,DC콤보 후보. 현장 진입·가용성·요금·좌표 확인 필요,01_raw_data/charging/서울시 소유 전기차 충전소 정보.csv
seoul_owned_공릉동 거주자주차장_1,58,공릉동 거주자주차장,서울시,서울특별시,노원구,서울특별시 노원구 동일로198길 42 53-15 구획,주차시설,일반주차장,DC콤보,True,False,50,단독,0,1440,0,1440,24시간 이용가능,,False,True,False,True,True,,,,,,,DC콤보 후보. 현장 진입·가용성·요금·좌표 확인 필요,01_raw_data/charging/서울시 소유 전기차 충전소 정보.csv
seoul_owned_관악구 노인회관 50센터_1,59,관악구 노인회관 50센터,서울시,서울특별시,관악구,서울특별시 관악구 관악로5길 95,공공시설,공공기관,DC콤보,True,False,50,단독,0,1440,0,1440,24시간 이용가능,,False,True,False,True,True,,,,,,,DC콤보 후보. 현장 진입·가용성·요금·좌표 확인 필요,01_raw_data/charging/서울시 소유 전기차 충전소 정보.csv
seoul_owned_광진구 자양동 거주자우선주차장 가로등형 충전기_1,60,광진구 자양동 거주자우선주차장 가로등형 충전기,서울시,서울특별시,광진구,서울특별시 광진구 자양번영로3길 65 (서울특별시 광진구 뚝섬로36길 39 전기차충전소),공동주택시설,아파트,DC콤보,True,False,50,단독,0,1440,0,1440,24시간 이용가능,,False,True,False,True,True,,,,,,,DC콤보 후보. 현장 진입·가용성·요금·좌표 확인 필요,01_raw_data/charging/서울시 소유 전기차 충전소 정보.csv
seoul_owned_교통공원길 공영주차장 전기차 충전소_1,61,교통공원길 공영주차장 전기차 충전소,서울시,서울특별시,송파구,서울특별시 송파구 신천동 10-2 노상공영주차장,주차시설,공영주차장,DC콤보,True,False,50,단독,0,1440,0,1440,24시간 이용가능,,False,True,False,True,True,,,,,,,DC콤보 후보. 현장 진입·가용성·요금·좌표 확인 필요,01_raw_data/charging/서울시 소유 전기차 충전소 정보.csv
seoul_owned_교통공원길 공영주차장 전기차 충전소_2,62,교통공원길 공영주차장 전기차 충전소,서울시,서울특별시,송파구,서울특별시 송파구 신천동 10-2 노상공영주차장,주차시설,공영주차장,AC완속,False,True,7,단독,0,1440,0,1440,24시간 이용가능,,False,True,False,True,True,,,,,,,AC완속 물리 커넥터 규격·현장 진입 확인 필요,01_raw_data/charging/서울시 소유 전기차 충전소 정보.csv
seoul_owned_구로2동 주택가 공영주차장_1,63,구로2동 주택가 공영주차장,서울시,서울특별시,구로구,서울특별시 구로구 구로동로42길 48-4,주차시설,공영주차장,DC콤보,True,False,50,동시,0,1440,0,1440,24시간 이용가능,,False,True,False,True,True,,,,,,,DC콤보 후보. 현장 진입·가용성·요금·좌표 확인 필요,01_raw_data/charging/서울시 소유 전기차 충전소 정보.csv
seoul_owned_구로2동 주택가 공영주차장_2,64,구로2동 주택가 공영주차장,서울시,서울특별시,구로구,서울특별시 구로구 구로동로42길 48-4,주차시설,공영주차장,DC콤보,True,False,50,동시,0,1440,0,1440,24시간 이용가능,,False,True,False,True,True,,,,,,,DC콤보 후보. 현장 진입·가용성·요금·좌표 확인 필요,01_raw_data/charging/서울시 소유 전기차 충전소 정보.csv
seoul_owned_구로2동 주택가 공영주차장_3,65,구로2동 주택가 공영주차장,서울시,서울특별시,구로구,서울특별시 구로구 구로동로42길 48-4,주차시설,공영주차장,DC콤보,True,False,50,단독,0,1440,0,1440,24시간 이용가능,,False,True,False,True,True,,,,,,,DC콤보 후보. 현장 진입·가용성·요금·좌표 확인 필요,01_raw_data/charging/서울시 소유 전기차 충전소 정보.csv
seoul_owned_구로2동 주택가 공영주차장_4,66,구로2동 주택가 공영주차장,서울시,서울특별시,구로구,서울특별시 구로구 구로동로42길 48-4,주차시설,공영주차장,DC콤보,True,False,50,동시,0,1440,0,1440,24시간 이용가능,,False,True,False,True,True,,,,,,,DC콤보 후보. 현장 진입·가용성·요금·좌표 확인 필요,01_raw_data/charging/서울시 소유 전기차 충전소 정보.csv
seoul_owned_구로2동 주택가 공영주차장_5,67,구로2동 주택가 공영주차장,서울시,서울특별시,구로구,서울특별시 구로구 구로동로42길 48-4,주차시설,공영주차장,DC콤보,True,False,50,동시,0,1440,0,1440,24시간 이용가능,,False,True,False,True,True,,,,,,,DC콤보 후보. 현장 진입·가용성·요금·좌표 확인 필요,01_raw_data/charging/서울시 소유 전기차 충전소 정보.csv
seoul_owned_구로5동 마을공동공영주차장_1,68,구로5동 마을공동공영주차장,서울시,서울특별시,구로구,서울특별시 구로구 공원로7길 22-10 구로5동 마을공동공영주차장,공공시설,지자체시설,AC완속,False,True,7,단독,0,1440,0,1440,24시간 이용가능,,False,True,False,True,True,,,,,,,AC완속 물리 커넥터 규격·현장 진입 확인 필요,01_raw_data/charging/서울시 소유 전기차 충전소 정보.csv
seoul_owned_구로5동 마을공동공영주차장_2,69,구로5동 마을공동공영주차장,서울시,서울특별시,구로구,서울특별시 구로구 공원로7길 22-10 구로5동 마을공동공영주차장,공공시설,지자체시설,AC완속,False,True,7,단독,0,1440,0,1440,24시간 이용가능,,False,True,False,True,True,,,,,,,AC완속 물리 커넥터 규격·현장 진입 확인 필요,01_raw_data/charging/서울시 소유 전기차 충전소 정보.csv
seoul_owned_구파발역 공영주차장 _1,70,구파발역 공영주차장,서울시,서울특별시,은평구,서울특별시 은평구 진관2로 15-40,주차시설,공영주차장,DC콤보,True,False,100,단독,0,1440,0,1440,24시간 이용가능,,False,True,False,True,True,,,,,,,DC콤보 후보. 현장 진입·가용성·요금·좌표 확인 필요,01_raw_data/charging/서울시 소유 전기차 충전소 정보.csv
seoul_owned_구파발역 공영주차장 _2,71,구파발역 공영주차장,서울시,서울특별시,은평구,서울특별시 은평구 진관2로 15-40,주차시설,공영주차장,DC콤보,True,False,100,단독,0,1440,0,1440,24시간 이용가능,,False,True,False,True,True,,,,,,,DC콤보 후보. 현장 진입·가용성·요금·좌표 확인 필요,01_raw_data/charging/서울시 소유 전기차 충전소 정보.csv
seoul_owned_국립한글박물관 지하주차장_1,72,국립한글박물관 지하주차장,서울시,서울특별시,용산구,서울특별시 용산구 서빙고로 139 지하주차장 입구 좌측,공공시설,공공기관,AC완속,False,True,7,단독,600,1080,600,1080,10:00~18:00,,False,True,False,True,True,,,,,,,AC완속 물리 커넥터 규격·현장 진입 확인 필요,01_raw_data/charging/서울시 소유 전기차 충전소 정보.csv
seoul_owned_국립한글박물관 지하주차장_2,73,국립한글박물관 지하주차장,서울시,서울특별시,용산구,서울특별시 용산구 서빙고로 139 지하주차장 입구 좌측,공공시설,공공기관,DC콤보,True,False,50,단독,600,1080,600,1080,10:00~18:00,,False,True,False,True,True,,,,,,,DC콤보 후보. 현장 진입·가용성·요금·좌표 확인 필요,01_raw_data/charging/서울시 소유 전기차 충전소 정보.csv
seoul_owned_기업은행 무교지점 앞 가로등형 충전소_1,74,기업은행 무교지점 앞 가로등형 충전소,서울시,서울특별시,중구,서울특별시 중구 무교로 20 전기차충전소,주차시설,일반주차장,DC콤보,True,False,50,단독,0,1440,0,1440,24시간 이용가능,,False,True,False,True,True,,,,,,,DC콤보 후보. 현장 진입·가용성·요금·좌표 확인 필요,01_raw_data/charging/서울시 소유 전기차 충전소 정보.csv
seoul_owned_난곡스마트 공영주차장_1,75,난곡스마트 공영주차장,서울시,서울특별시,관악구,서울특별시 관악구 난곡로26길 94 옥상층,주차시설,공영주차장,DC콤보,True,False,100,단독,0,1440,0,1440,24시간 이용가능,,False,True,False,True,True,,,,,,,DC콤보 후보. 현장 진입·가용성·요금·좌표 확인 필요,01_raw_data/charging/서울시 소유 전기차 충전소 정보.csv
seoul_owned_난곡스마트 공영주차장_2,76,난곡스마트 공영주차장,서울시,서울특별시,관악구,서울특별시 관악구 난곡로26길 94 옥상층,주차시설,공영주차장,DC콤보,True,False,100,단독,0,1440,0,1440,24시간 이용가능,,False,True,False,True,True,,,,,,,DC콤보 후보. 현장 진입·가용성·요금·좌표 확인 필요,01_raw_data/charging/서울시 소유 전기차 충전소 정보.csv
seoul_owned_남부초 공영주차장_1,77,남부초 공영주차장,서울시,서울특별시,관악구,서울특별시 관악구 남부순환로163길 14 지하 1층 진입로 오른쪽 맨끝,주차시설,공영주차장,DC콤보,True,False,50,단독,0,1440,0,1440,24시간 이용가능,,False,True,False,True,True,,,,,,,DC콤보 후보. 현장 진입·가용성·요금·좌표 확인 필요,01_raw_data/charging/서울시 소유 전기차 충전소 정보.csv
seoul_owned_남산청사_1,78,남산청사,서울시,서울특별시,중구,"서울특별시 중구 삼일대로 231 (예장동, 남산별관) 중부공원여가센터 앞 왼쪽 차단기 뒷편",공공시설,지자체시설,AC완속,False,True,7,단독,540,1080,,,평일 09:00~18:00,,False,True,False,True,True,,,,,,,AC완속 물리 커넥터 규격·현장 진입 확인 필요,01_raw_data/charging/서울시 소유 전기차 충전소 정보.csv
seoul_owned_남산청사_2,79,남산청사,서울시,서울특별시,중구,"서울특별시 중구 삼일대로 231 (예장동, 남산별관) 중부공원여가센터 앞 왼쪽 차단기 뒷편",공공시설,지자체시설,AC완속,False,True,7,단독,540,1080,,,평일 09:00~18:00,,False,True,False,True,True,,,,,,,AC완속 물리 커넥터 규격·현장 진입 확인 필요,01_raw_data/charging/서울시 소유 전기차 충전소 정보.csv
seoul_owned_노송길 공동주차장 _1,80,노송길 공동주차장,서울시,서울특별시,은평구,서울특별시 은평구 역말로6길 12-12,주차시설,공영주차장,DC콤보,True,False,100,동시,0,1440,0,1440,24시간 이용가능,,False,True,False,True,True,,,,,,,DC콤보 후보. 현장 진입·가용성·요금·좌표 확인 필요,01_raw_data/charging/서울시 소유 전기차 충전소 정보.csv
seoul_owned_노송길 공동주차장 _2,81,노송길 공동주차장,서울시,서울특별시,은평구,서울특별시 은평구 역말로6길 12-12,주차시설,공영주차장,DC콤보,True,False,100,동시,0,1440,0,1440,24시간 이용가능,,False,True,False,True,True,,,,,,,DC콤보 후보. 현장 진입·가용성·요금·좌표 확인 필요,01_raw_data/charging/서울시 소유 전기차 충전소 정보.csv
seoul_owned_노원구청_1,82,노원구청,서울시,서울특별시,노원구,"서울 노원구 노해로 437(노원구청) (상계동, 노원구청) 지상1층 입구 우측 5m",공공시설,관공서,DC콤보,True,False,100,동시,540,1080,540,1080,09:00~18:00,,False,True,False,True,True,,,,,,,DC콤보 후보. 현장 진입·가용성·요금·좌표 확인 필요,01_raw_data/charging/서울시 소유 전기차 충전소 정보.csv
seoul_owned_노원구청_2,83,노원구청,서울시,서울특별시,노원구,"서울 노원구 노해로 437(노원구청) (상계동, 노원구청) 지상1층 입구 우측 5m",공공시설,관공서,DC콤보,True,False,100,동시,540,1080,540,1080,09:00~18:00,,False,True,False,True,True,,,,,,,DC콤보 후보. 현장 진입·가용성·요금·좌표 확인 필요,01_raw_data/charging/서울시 소유 전기차 충전소 정보.csv
seoul_owned_노원구청_3,84,노원구청,서울시,서울특별시,노원구,"서울 노원구 노해로 437(노원구청) (상계동, 노원구청) 지상1층 입구 우측 5m",공공시설,관공서,DC콤보,True,False,100,동시,540,1080,540,1080,09:00~18:00,,False,True,False,True,True,,,,,,,DC콤보 후보. 현장 진입·가용성·요금·좌표 확인 필요,01_raw_data/charging/서울시 소유 전기차 충전소 정보.csv
seoul_owned_노원구청_4,85,노원구청,서울시,서울특별시,노원구,"서울 노원구 노해로 437(노원구청) (상계동, 노원구청) 지상1층 입구 우측 5m",공공시설,관공서,DC콤보,True,False,100,동시,540,1080,540,1080,09:00~18:00,,False,True,False,True,True,,,,,,,DC콤보 후보. 현장 진입·가용성·요금·좌표 확인 필요,01_raw_data/charging/서울시 소유 전기차 충전소 정보.csv
seoul_owned_노원세무서 거주자주차장_1,86,노원세무서 거주자주차장,서울시,서울특별시,도봉구,서울특별시 도봉구 노해로69길 14 06-90 구획,주차시설,일반주차장,DC콤보,True,False,50,단독,0,1440,0,1440,24시간 이용가능,,False,True,False,True,True,,,,,,,DC콤보 후보. 현장 진입·가용성·요금·좌표 확인 필요,01_raw_data/charging/서울시 소유 전기차 충전소 정보.csv
seoul_owned_노원수학문화관_1,87,노원수학문화관,서울시,서울특별시,노원구,서울특별시 노원구 한글비석로19길 28 노원수학문화관,공공시설,지자체시설,DC콤보,True,False,100,단독,0,1440,0,1440,24시간 이용가능,,False,True,False,True,True,,,,,,,DC콤보 후보. 현장 진입·가용성·요금·좌표 확인 필요,01_raw_data/charging/서울시 소유 전기차 충전소 정보.csv
seoul_owned_노원이지센터_1,88,노원이지센터,서울시,서울특별시,노원구,서울특별시 노원구 한글비석로 97 상가 주차장,주차시설,일반주차장,DC콤보,True,False,50,단독,0,1440,0,1440,24시간 이용가능,,False,True,False,True,True,,,,,,,DC콤보 후보. 현장 진입·가용성·요금·좌표 확인 필요,01_raw_data/charging/서울시 소유 전기차 충전소 정보.csv
seoul_owned_노원이지센터_2,89,노원이지센터,서울시,서울특별시,노원구,서울특별시 노원구 한글비석로 97 상가 주차장,주차시설,일반주차장,DC콤보,True,False,100,단독,0,1440,0,1440,24시간 이용가능,,False,True,False,True,True,,,,,,,DC콤보 후보. 현장 진입·가용성·요금·좌표 확인 필요,01_raw_data/charging/서울시 소유 전기차 충전소 정보.csv
seoul_owned_노원이지센터_3,90,노원이지센터,서울시,서울특별시,노원구,서울특별시 노원구 한글비석로 97 상가 주차장,주차시설,일반주차장,DC콤보,True,False,100,단독,0,1440,0,1440,24시간 이용가능,,False,True,False,True,True,,,,,,,DC콤보 후보. 현장 진입·가용성·요금·좌표 확인 필요,01_raw_data/charging/서울시 소유 전기차 충전소 정보.csv
seoul_owned_노원자원회수시설_1,91,노원자원회수시설,서울시,서울특별시,노원구,서울특별시 노원구 덕릉로70길 99 노원자원회수시설,공공시설,공공기관,DC콤보,True,False,100,동시,360,1380,360,1380,06:00~23:00,,False,True,False,True,True,,,,,,,DC콤보 후보. 현장 진입·가용성·요금·좌표 확인 필요,01_raw_data/charging/서울시 소유 전기차 충전소 정보.csv
seoul_owned_노원자원회수시설_2,92,노원자원회수시설,서울시,서울특별시,노원구,서울특별시 노원구 덕릉로70길 99 노원자원회수시설,공공시설,공공기관,DC콤보,True,False,100,동시,360,1380,360,1380,06:00~23:00,,False,True,False,True,True,,,,,,,DC콤보 후보. 현장 진입·가용성·요금·좌표 확인 필요,01_raw_data/charging/서울시 소유 전기차 충전소 정보.csv
seoul_owned_노원자원회수시설_3,93,노원자원회수시설,서울시,서울특별시,노원구,서울특별시 노원구 덕릉로70길 99 노원자원회수시설,공공시설,공공기관,DC콤보,True,False,50,동시,360,1380,360,1380,06:00~23:00,,False,True,False,True,True,,,,,,,DC콤보 후보. 현장 진입·가용성·요금·좌표 확인 필요,01_raw_data/charging/서울시 소유 전기차 충전소 정보.csv
seoul_owned_노원자원회수시설_5,94,노원자원회수시설,서울시,서울특별시,노원구,서울특별시 노원구 덕릉로70길 99 노원자원회수시설,공공시설,공공기관,DC콤보,True,False,50,동시,360,1380,360,1380,06:00~23:00,,False,True,False,True,True,,,,,,,DC콤보 후보. 현장 진입·가용성·요금·좌표 확인 필요,01_raw_data/charging/서울시 소유 전기차 충전소 정보.csv
seoul_owned_노원자원회수시설_6,95,노원자원회수시설,서울시,서울특별시,노원구,서울특별시 노원구 덕릉로70길 99 노원자원회수시설,공공시설,공공기관,DC콤보,True,False,50,동시,360,1380,360,1380,06:00~23:00,,False,True,False,True,True,,,,,,,DC콤보 후보. 현장 진입·가용성·요금·좌표 확인 필요,01_raw_data/charging/서울시 소유 전기차 충전소 정보.csv
seoul_owned_논현 1호 공영주차장_1,96,논현 1호 공영주차장,서울시,서울특별시,강남구,서울특별시 강남구 학동로6길 19 2층 램프 인근,주차시설,공영주차장,DC콤보,True,False,100,동시,0,1440,0,1440,24시간 이용가능,,False,True,False,True,True,,,,,,,DC콤보 후보. 현장 진입·가용성·요금·좌표 확인 필요,01_raw_data/charging/서울시 소유 전기차 충전소 정보.csv
seoul_owned_논현 1호 공영주차장_2,97,논현 1호 공영주차장,서울시,서울특별시,강남구,서울특별시 강남구 학동로6길 19 2층 램프 인근,주차시설,공영주차장,DC콤보,True,False,100,동시,0,1440,0,1440,24시간 이용가능,,False,True,False,True,True,,,,,,,DC콤보 후보. 현장 진입·가용성·요금·좌표 확인 필요,01_raw_data/charging/서울시 소유 전기차 충전소 정보.csv
seoul_owned_논현 2호 공영주차장_1,98,논현 2호 공영주차장,서울시,서울특별시,강남구,서울특별시 강남구 학동로20길 13 1층 입구 좌측,주차시설,공영주차장,DC콤보,True,False,100,동시,0,1440,0,1440,24시간 이용가능,,False,True,False,True,True,,,,,,,DC콤보 후보. 현장 진입·가용성·요금·좌표 확인 필요,01_raw_data/charging/서울시 소유 전기차 충전소 정보.csv
seoul_owned_논현 2호 공영주차장_2,99,논현 2호 공영주차장,서울시,서울특별시,강남구,서울특별시 강남구 학동로20길 13 1층 입구 좌측,주차시설,공영주차장,DC콤보,True,False,100,동시,0,1440,0,1440,24시간 이용가능,,False,True,False,True,True,,,,,,,DC콤보 후보. 현장 진입·가용성·요금·좌표 확인 필요,01_raw_data/charging/서울시 소유 전기차 충전소 정보.csv
seoul_owned_논현2동 주민센터_1,100,논현2동 주민센터,서울시,서울특별시,강남구,서울특별시 강남구 학동로43길 17 지상주차장,공공시설,주민센터,AC완속,False,True,7,단독,0,1440,0,1440,24시간 이용가능,,False,True,False,True,True,,,,,,,AC완속 물리 커넥터 규격·현장 진입 확인 필요,01_raw_data/charging/서울시 소유 전기차 충전소 정보.csv
seoul_owned_논현로28길 노상공영주차장_1,101,논현로28길 노상공영주차장,서울시,서울특별시,강남구,서울특별시 강남구 논현로28길 25,주차시설,공영주차장,DC콤보,True,False,50,단독,0,1440,0,1440,24시간 이용가능,,False,True,False,True,True,,,,,,,DC콤보 후보. 현장 진입·가용성·요금·좌표 확인 필요,01_raw_data/charging/서울시 소유 전기차 충전소 정보.csv
seoul_owned_논현문화마루_1,102,논현문화마루,서울시,서울특별시,강남구,서울시 강남구 논현동 40-5,공공시설,지자체시설,DC콤보,True,False,100,단독,0,1440,0,1440,24시간 이용가능,,False,True,False,True,True,,,,,,,DC콤보 후보. 현장 진입·가용성·요금·좌표 확인 필요,01_raw_data/charging/서울시 소유 전기차 충전소 정보.csv
seoul_owned_누상공영주차장_1,103,누상공영주차장,서울시,서울특별시,종로구,서울특별시 종로구 누상동 166-50 누상공영주차장,주차시설,일반주차장,DC콤보,True,False,50,단독,0,1440,0,1440,24시간 이용가능,,False,True,False,True,True,,,,,,,DC콤보 후보. 현장 진입·가용성·요금·좌표 확인 필요,01_raw_data/charging/서울시 소유 전기차 충전소 정보.csv
seoul_owned_누상공영주차장_2,104,누상공영주차장,서울시,서울특별시,종로구,서울특별시 종로구 누상동 166-50 누상공영주차장,주차시설,일반주차장,AC완속,False,True,7,단독,0,1440,0,1440,24시간 이용가능,,False,True,False,True,True,,,,,,,AC완속 물리 커넥터 규격·현장 진입 확인 필요,01_raw_data/charging/서울시 소유 전기차 충전소 정보.csv
seoul_owned_대궐재어린이공원 거주자주차장_1,105,대궐재어린이공원 거주자주차장,서울시,서울특별시,서대문구,서울특별시 서대문구 연희동 73-8 16-13구획,주차시설,일반주차장,DC콤보,True,False,50,단독,0,1440,0,1440,24시간 이용가능,,False,True,False,True,True,,,,,,,DC콤보 후보. 현장 진입·가용성·요금·좌표 확인 필요,01_raw_data/charging/서울시 소유 전기차 충전소 정보.csv
seoul_owned_대방동(서울공고) 거주자주차장_1,106,대방동(서울공고) 거주자주차장,서울시,서울특별시,동작구,서울특별시 동작구 대방동1길 46 보라매역 7번출구 인근 116번 구획,주차시설,일반주차장,DC콤보,True,False,50,단독,0,1440,0,1440,24시간 이용가능,,False,True,False,True,True,,,,,,,DC콤보 후보. 현장 진입·가용성·요금·좌표 확인 필요,01_raw_data/charging/서울시 소유 전기차 충전소 정보.csv
seoul_owned_도곡2동 주민센터_1,107,도곡2동 주민센터,서울시,서울특별시,강남구,서울시 강남구 남부순환로378길 34-9,공공시설,관공서,DC콤보,True,False,100,단독,0,1440,0,1440,24시간 이용가능,,False,True,False,True,True,,,,,,,DC콤보 후보. 현장 진입·가용성·요금·좌표 확인 필요,01_raw_data/charging/서울시 소유 전기차 충전소 정보.csv
seoul_owned_도곡정보문화도서관_1,108,도곡정보문화도서관,서울시,서울특별시,강남구,"서울특별시 강남구 도곡로18길 57 (도곡동, 도곡정보문화도서관) 지상1층 정문 뒷편주차장",공공시설,주민센터,AC완속,False,True,7,단독,0,1440,0,1440,24시간 이용가능,,False,True,False,True,True,,,,,,,AC완속 물리 커넥터 규격·현장 진입 확인 필요,01_raw_data/charging/서울시 소유 전기차 충전소 정보.csv
seoul_owned_도곡정보문화도서관_2,109,도곡정보문화도서관,서울시,서울특별시,강남구,"서울특별시 강남구 도곡로18길 57 (도곡동, 도곡정보문화도서관) 지상1층 정문 뒷편주차장",공공시설,주민센터,AC완속,False,True,7,단독,0,1440,0,1440,24시간 이용가능,,False,True,False,True,True,,,,,,,AC완속 물리 커넥터 규격·현장 진입 확인 필요,01_raw_data/charging/서울시 소유 전기차 충전소 정보.csv
seoul_owned_도봉동 거주자우선주차장_1,110,도봉동 거주자우선주차장,서울시,서울특별시,도봉구,서울특별시 도봉구 도봉로169나길 34,주차시설,일반주차장,DC콤보,True,False,50,단독,0,1440,0,1440,24시간 이용가능,,False,True,False,True,True,,,,,,,DC콤보 후보. 현장 진입·가용성·요금·좌표 확인 필요,01_raw_data/charging/서울시 소유 전기차 충전소 정보.csv
seoul_owned_도봉동 실내스포츠센터_1,111,도봉동 실내스포츠센터,서울시,서울특별시,도봉구,서울특별시 도봉구 마들로 805 1층 주차장,공공시설,관공서,DC콤보,True,False,100,동시,0,1440,0,1440,24시간 이용가능,,False,True,False,True,True,,,,,,,DC콤보 후보. 현장 진입·가용성·요금·좌표 확인 필요,01_raw_data/charging/서울시 소유 전기차 충전소 정보.csv
seoul_owned_도봉동 실내스포츠센터_2,112,도봉동 실내스포츠센터,서울시,서울특별시,도봉구,서울특별시 도봉구 마들로 805 1층 주차장,공공시설,관공서,DC콤보,True,False,100,동시,0,1440,0,1440,24시간 이용가능,,False,True,False,True,True,,,,,,,DC콤보 후보. 현장 진입·가용성·요금·좌표 확인 필요,01_raw_data/charging/서울시 소유 전기차 충전소 정보.csv
seoul_owned_도봉산역 환승주차장_1,113,도봉산역 환승주차장,서울시,서울특별시,도봉구,"서울 도봉구 도봉로 955(도봉산역 광역환승센타) (도봉동, 도봉산역 환승공영주차장) 지상4층 진입로 우측 10m",주차시설,공영주차장,DC콤보,True,False,100,단독,0,1440,0,1440,24시간 이용가능,,False,True,False,True,True,,,,,,,DC콤보 후보. 현장 진입·가용성·요금·좌표 확인 필요,01_raw_data/charging/서울시 소유 전기차 충전소 정보.csv
seoul_owned_도봉산역 환승주차장_2,114,도봉산역 환승주차장,서울시,서울특별시,도봉구,"서울 도봉구 도봉로 955(도봉산역 광역환승센타) (도봉동, 도봉산역 환승공영주차장) 지상4층 진입로 우측 10m",주차시설,공영주차장,DC콤보,True,False,100,동시,0,1440,0,1440,24시간 이용가능,,False,True,False,True,True,,,,,,,DC콤보 후보. 현장 진입·가용성·요금·좌표 확인 필요,01_raw_data/charging/서울시 소유 전기차 충전소 정보.csv
seoul_owned_독립문문화공원 지하공영주차장 _1,115,독립문문화공원 지하공영주차장,서울시,서울특별시,서대문구,서울특별시 서대문구 성산로 700,주차시설,공영주차장,DC콤보,True,False,100,단독,0,1440,0,1440,24시간 이용가능,,False,True,False,True,True,,,,,,,DC콤보 후보. 현장 진입·가용성·요금·좌표 확인 필요,01_raw_data/charging/서울시 소유 전기차 충전소 정보.csv
seoul_owned_독립문문화공원 지하공영주차장 _2,116,독립문문화공원 지하공영주차장,서울시,서울특별시,서대문구,서울특별시 서대문구 성산로 700,주차시설,공영주차장,DC콤보,True,False,100,단독,0,1440,0,1440,24시간 이용가능,,False,True,False,True,True,,,,,,,DC콤보 후보. 현장 진입·가용성·요금·좌표 확인 필요,01_raw_data/charging/서울시 소유 전기차 충전소 정보.csv
seoul_owned_독립문문화공원 지하공영주차장 _3,117,독립문문화공원 지하공영주차장,서울시,서울특별시,서대문구,서울특별시 서대문구 성산로 700,주차시설,공영주차장,DC콤보,True,False,100,단독,0,1440,0,1440,24시간 이용가능,,False,True,False,True,True,,,,,,,DC콤보 후보. 현장 진입·가용성·요금·좌표 확인 필요,01_raw_data/charging/서울시 소유 전기차 충전소 정보.csv
seoul_owned_독립문문화공원 지하공영주차장 _4,118,독립문문화공원 지하공영주차장,서울시,서울특별시,서대문구,서울특별시 서대문구 성산로 700,주차시설,공영주차장,DC콤보,True,False,100,단독,0,1440,0,1440,24시간 이용가능,,False,True,False,True,True,,,,,,,DC콤보 후보. 현장 진입·가용성·요금·좌표 확인 필요,01_raw_data/charging/서울시 소유 전기차 충전소 정보.csv
seoul_owned_독립문문화공원 지하공영주차장 _5,119,독립문문화공원 지하공영주차장,서울시,서울특별시,서대문구,서울특별시 서대문구 성산로 700,주차시설,공영주차장,DC콤보,True,False,100,단독,0,1440,0,1440,24시간 이용가능,,False,True,False,True,True,,,,,,,DC콤보 후보. 현장 진입·가용성·요금·좌표 확인 필요,01_raw_data/charging/서울시 소유 전기차 충전소 정보.csv
seoul_owned_독립문문화공원 지하공영주차장 _6,120,독립문문화공원 지하공영주차장,서울시,서울특별시,서대문구,서울특별시 서대문구 성산로 700,주차시설,공영주차장,DC콤보,True,False,100,단독,0,1440,0,1440,24시간 이용가능,,False,True,False,True,True,,,,,,,DC콤보 후보. 현장 진입·가용성·요금·좌표 확인 필요,01_raw_data/charging/서울시 소유 전기차 충전소 정보.csv
seoul_owned_동대문구청_1,121,동대문구청,서울시,서울특별시,동대문구,서울특별시 동대문구 천호대로 145 동대문구청,공공시설,공공기관,DC콤보,True,False,100,단독,0,1440,0,1440,24시간 이용가능,,False,True,False,True,True,,,,,,,DC콤보 후보. 현장 진입·가용성·요금·좌표 확인 필요,01_raw_data/charging/서울시 소유 전기차 충전소 정보.csv
seoul_owned_동대문구청_2,122,동대문구청,서울시,서울특별시,동대문구,서울특별시 동대문구 천호대로 145 동대문구청,공공시설,공공기관,DC콤보,True,False,100,동시,0,1440,0,1440,24시간 이용가능,,False,True,False,True,True,,,,,,,DC콤보 후보. 현장 진입·가용성·요금·좌표 확인 필요,01_raw_data/charging/서울시 소유 전기차 충전소 정보.csv
seoul_owned_동대문구청_3,123,동대문구청,서울시,서울특별시,동대문구,서울특별시 동대문구 천호대로 145 동대문구청,공공시설,공공기관,DC콤보,True,False,100,동시,0,1440,0,1440,24시간 이용가능,,False,True,False,True,True,,,,,,,DC콤보 후보. 현장 진입·가용성·요금·좌표 확인 필요,01_raw_data/charging/서울시 소유 전기차 충전소 정보.csv
seoul_owned_동대문구청_4,124,동대문구청,서울시,서울특별시,동대문구,서울특별시 동대문구 천호대로 145 동대문구청,공공시설,공공기관,DC콤보,True,False,100,단독,0,1440,0,1440,24시간 이용가능,,False,True,False,True,True,,,,,,,DC콤보 후보. 현장 진입·가용성·요금·좌표 확인 필요,01_raw_data/charging/서울시 소유 전기차 충전소 정보.csv
seoul_owned_동대문구청_5,125,동대문구청,서울시,서울특별시,동대문구,서울특별시 동대문구 천호대로 145 동대문구청,공공시설,공공기관,DC콤보,True,False,100,동시,0,1440,0,1440,24시간 이용가능,,False,True,False,True,True,,,,,,,DC콤보 후보. 현장 진입·가용성·요금·좌표 확인 필요,01_raw_data/charging/서울시 소유 전기차 충전소 정보.csv
seoul_owned_동대문구청_6,126,동대문구청,서울시,서울특별시,동대문구,서울특별시 동대문구 천호대로 145 동대문구청,공공시설,공공기관,DC콤보,True,False,100,동시,0,1440,0,1440,24시간 이용가능,,False,True,False,True,True,,,,,,,DC콤보 후보. 현장 진입·가용성·요금·좌표 확인 필요,01_raw_data/charging/서울시 소유 전기차 충전소 정보.csv
seoul_owned_동대문구청_7,127,동대문구청,서울시,서울특별시,동대문구,서울특별시 동대문구 천호대로 145 동대문구청,공공시설,공공기관,DC콤보,True,False,100,동시,0,1440,0,1440,24시간 이용가능,,False,True,False,True,True,,,,,,,DC콤보 후보. 현장 진입·가용성·요금·좌표 확인 필요,01_raw_data/charging/서울시 소유 전기차 충전소 정보.csv
seoul_owned_동작구청_1,128,동작구청,서울시,서울특별시,동작구,"서울특별시 동작구 장승배기로 161 (노량진동, 동작구청) 교통종합민원실 앞 주차장",공공시설,관공서,DC차데모+AC3상+DC콤보,True,False,50,단독,540,1080,,,평일 09:00~18:00,,False,True,False,True,True,,,,,,,DC콤보 후보. 현장 진입·가용성·요금·좌표 확인 필요,01_raw_data/charging/서울시 소유 전기차 충전소 정보.csv
seoul_owned_동작구청 후문 가로등형 충전소_1,129,동작구청 후문 가로등형 충전소,서울시,서울특별시,동작구,서울특별시 동작구 장승배기로 161 (서울특별시 동작구 노량진로 8길 65 전기차충전소),기타시설,기타,DC콤보,True,False,50,단독,0,1440,0,1440,24시간 이용가능,,False,True,False,True,True,,,,,,,DC콤보 후보. 현장 진입·가용성·요금·좌표 확인 필요,01_raw_data/charging/서울시 소유 전기차 충전소 정보.csv
seoul_owned_드림디포 앞 가로등형 충전소_1,130,드림디포 앞 가로등형 충전소,서울시,서울특별시,마포구,서울특별시 마포구 토정로 271 전기차충전소,기타시설,기타,DC콤보,True,False,50,단독,0,1440,0,1440,24시간 이용가능,,False,True,False,True,True,,,,,,,DC콤보 후보. 현장 진입·가용성·요금·좌표 확인 필요,01_raw_data/charging/서울시 소유 전기차 충전소 정보.csv
seoul_owned_로봇과학관_1,131,로봇과학관,서울시,서울특별시,도봉구,서울특별시 도봉구 마들로13길 56 로봇과학관,공공시설,지자체시설,AC완속,False,True,7,단독,0,1440,0,1440,24시간 이용가능,,False,True,False,True,True,,,,,,,AC완속 물리 커넥터 규격·현장 진입 확인 필요,01_raw_data/charging/서울시 소유 전기차 충전소 정보.csv
seoul_owned_마들스포츠타운_1,132,마들스포츠타운,서울시,서울특별시,노원구,"서울 노원구 덕릉로 460(노원에코센터) (상계동, 마들체육공원) 지상 1층 우측 20m",주차시설,공영주차장,DC콤보,True,False,100,동시,0,1440,0,1440,24시간 이용가능,,False,True,False,True,True,,,,,,,DC콤보 후보. 현장 진입·가용성·요금·좌표 확인 필요,01_raw_data/charging/서울시 소유 전기차 충전소 정보.csv
seoul_owned_마들스포츠타운_2,133,마들스포츠타운,서울시,서울특별시,노원구,"서울 노원구 덕릉로 460(노원에코센터) (상계동, 마들체육공원) 지상 1층 우측 20m",주차시설,공영주차장,DC콤보,True,False,100,동시,0,1440,0,1440,24시간 이용가능,,False,True,False,True,True,,,,,,,DC콤보 후보. 현장 진입·가용성·요금·좌표 확인 필요,01_raw_data/charging/서울시 소유 전기차 충전소 정보.csv
seoul_owned_마들스포츠타운_3,134,마들스포츠타운,서울시,서울특별시,노원구,"서울 노원구 덕릉로 460(노원에코센터) (상계동, 마들체육공원) 지상 1층 우측 20m",주차시설,공영주차장,DC콤보,True,False,100,동시,0,1440,0,1440,24시간 이용가능,,False,True,False,True,True,,,,,,,DC콤보 후보. 현장 진입·가용성·요금·좌표 확인 필요,01_raw_data/charging/서울시 소유 전기차 충전소 정보.csv
seoul_owned_마들스포츠타운_4,135,마들스포츠타운,서울시,서울특별시,노원구,"서울 노원구 덕릉로 460(노원에코센터) (상계동, 마들체육공원) 지상 1층 우측 20m",주차시설,공영주차장,DC콤보,True,False,100,동시,0,1440,0,1440,24시간 이용가능,,False,True,False,True,True,,,,,,,DC콤보 후보. 현장 진입·가용성·요금·좌표 확인 필요,01_raw_data/charging/서울시 소유 전기차 충전소 정보.csv
seoul_owned_마들스포츠타운_5,136,마들스포츠타운,서울시,서울특별시,노원구,"서울 노원구 덕릉로 460(노원에코센터) (상계동, 마들체육공원) 지상 1층 우측 20m",주차시설,공영주차장,DC콤보,True,False,100,동시,0,1440,0,1440,24시간 이용가능,,False,True,False,True,True,,,,,,,DC콤보 후보. 현장 진입·가용성·요금·좌표 확인 필요,01_raw_data/charging/서울시 소유 전기차 충전소 정보.csv
seoul_owned_마들스포츠타운_6,137,마들스포츠타운,서울시,서울특별시,노원구,"서울 노원구 덕릉로 460(노원에코센터) (상계동, 마들체육공원) 지상 1층 우측 20m",주차시설,공영주차장,DC콤보,True,False,100,동시,0,1440,0,1440,24시간 이용가능,,False,True,False,True,True,,,,,,,DC콤보 후보. 현장 진입·가용성·요금·좌표 확인 필요,01_raw_data/charging/서울시 소유 전기차 충전소 정보.csv
seoul_owned_마천동1 공영주차장_1,138,마천동1 공영주차장,서울시,서울특별시,송파구,서울특별시 송파구 성내천로43길 6 마천동1 공영주차장 1층,주차시설,공영주차장,AC완속,False,True,7,단독,0,1440,0,1440,24시간 이용가능,,False,True,False,True,True,,,,,,,AC완속 물리 커넥터 규격·현장 진입 확인 필요,01_raw_data/charging/서울시 소유 전기차 충전소 정보.csv
seoul_owned_마천동1 공영주차장_2,139,마천동1 공영주차장,서울시,서울특별시,송파구,서울특별시 송파구 성내천로43길 6 마천동1 공영주차장 1층,주차시설,공영주차장,AC완속,False,True,7,단독,0,1440,0,1440,24시간 이용가능,,False,True,False,True,True,,,,,,,AC완속 물리 커넥터 규격·현장 진입 확인 필요,01_raw_data/charging/서울시 소유 전기차 충전소 정보.csv
seoul_owned_마천동1 공영주차장_3,140,마천동1 공영주차장,서울시,서울특별시,송파구,서울특별시 송파구 성내천로43길 6 마천동1 공영주차장 1층,주차시설,공영주차장,AC완속,False,True,7,단독,0,1440,0,1440,24시간 이용가능,,False,True,False,True,True,,,,,,,AC완속 물리 커넥터 규격·현장 진입 확인 필요,01_raw_data/charging/서울시 소유 전기차 충전소 정보.csv
seoul_owned_마포농수산물시장_1,141,마포농수산물시장,서울시,서울특별시,마포구,서울특별시 마포구 월드컵로 235,공공시설,공공기관,DC콤보,True,False,50,단독,0,1440,0,1440,24시간 이용가능,,False,True,False,True,True,,,,,,,DC콤보 후보. 현장 진입·가용성·요금·좌표 확인 필요,01_raw_data/charging/서울시 소유 전기차 충전소 정보.csv
seoul_owned_마포농수산물시장_2,142,마포농수산물시장,서울시,서울특별시,마포구,서울특별시 마포구 월드컵로 235,공공시설,공공기관,DC콤보,True,False,100,단독,0,1440,0,1440,24시간 이용가능,,False,True,False,True,True,,,,,,,DC콤보 후보. 현장 진입·가용성·요금·좌표 확인 필요,01_raw_data/charging/서울시 소유 전기차 충전소 정보.csv
seoul_owned_마포농수산물시장_3,143,마포농수산물시장,서울시,서울특별시,마포구,서울특별시 마포구 월드컵로 235,공공시설,공공기관,DC콤보,True,False,100,단독,0,1440,0,1440,24시간 이용가능,,False,True,False,True,True,,,,,,,DC콤보 후보. 현장 진입·가용성·요금·좌표 확인 필요,01_raw_data/charging/서울시 소유 전기차 충전소 정보.csv
seoul_owned_마포농수산물시장_4,144,마포농수산물시장,서울시,서울특별시,마포구,서울특별시 마포구 월드컵로 235,공공시설,공공기관,DC콤보,True,False,100,단독,0,1440,0,1440,24시간 이용가능,,False,True,False,True,True,,,,,,,DC콤보 후보. 현장 진입·가용성·요금·좌표 확인 필요,01_raw_data/charging/서울시 소유 전기차 충전소 정보.csv
seoul_owned_마포농수산물시장_5,145,마포농수산물시장,서울시,서울특별시,마포구,서울특별시 마포구 월드컵로 235,공공시설,공공기관,DC콤보,True,False,100,단독,0,1440,0,1440,24시간 이용가능,,False,True,False,True,True,,,,,,,DC콤보 후보. 현장 진입·가용성·요금·좌표 확인 필요,01_raw_data/charging/서울시 소유 전기차 충전소 정보.csv
seoul_owned_마포유수지 공영주차장 _1,146,마포유수지 공영주차장,서울시,서울특별시,마포구,서울특별시 마포구 마포대로1길 9,주차시설,공영주차장,DC콤보,True,False,100,단독,0,1440,0,1440,24시간 이용가능,,False,True,False,True,True,,,,,,,DC콤보 후보. 현장 진입·가용성·요금·좌표 확인 필요,01_raw_data/charging/서울시 소유 전기차 충전소 정보.csv
seoul_owned_마포유수지 공영주차장 _2,147,마포유수지 공영주차장,서울시,서울특별시,마포구,서울특별시 마포구 마포대로1길 9,주차시설,공영주차장,DC콤보,True,False,100,단독,0,1440,0,1440,24시간 이용가능,,False,True,False,True,True,,,,,,,DC콤보 후보. 현장 진입·가용성·요금·좌표 확인 필요,01_raw_data/charging/서울시 소유 전기차 충전소 정보.csv
seoul_owned_마포유수지 공영주차장 _3,148,마포유수지 공영주차장,서울시,서울특별시,마포구,서울특별시 마포구 마포대로1길 9,주차시설,공영주차장,DC콤보,True,False,100,단독,0,1440,0,1440,24시간 이용가능,,False,True,False,True,True,,,,,,,DC콤보 후보. 현장 진입·가용성·요금·좌표 확인 필요,01_raw_data/charging/서울시 소유 전기차 충전소 정보.csv
seoul_owned_마포유수지 공영주차장 _4,149,마포유수지 공영주차장,서울시,서울특별시,마포구,서울특별시 마포구 마포대로1길 9,주차시설,공영주차장,DC콤보,True,False,100,단독,0,1440,0,1440,24시간 이용가능,,False,True,False,True,True,,,,,,,DC콤보 후보. 현장 진입·가용성·요금·좌표 확인 필요,01_raw_data/charging/서울시 소유 전기차 충전소 정보.csv
seoul_owned_망우역사문화공원 제3주차장_1,150,망우역사문화공원 제3주차장,서울시,서울특별시,중랑구,서울특별시 중랑구 망우동 산 56 망우역사문화공원 공영주차장 출구,주차시설,공영주차장,DC콤보,True,False,50,단독,0,1440,0,1440,24시간 이용가능,,False,True,False,True,True,,,,,,,DC콤보 후보. 현장 진입·가용성·요금·좌표 확인 필요,01_raw_data/charging/서울시 소유 전기차 충전소 정보.csv
seoul_owned_망우역사문화공원 제3주차장_2,151,망우역사문화공원 제3주차장,서울시,서울특별시,중랑구,서울특별시 중랑구 망우동 산 56 망우역사문화공원 공영주차장 출구,주차시설,공영주차장,DC콤보,True,False,50,단독,0,1440,0,1440,24시간 이용가능,,False,True,False,True,True,,,,,,,DC콤보 후보. 현장 진입·가용성·요금·좌표 확인 필요,01_raw_data/charging/서울시 소유 전기차 충전소 정보.csv
seoul_owned_망우역사문화공원 제3주차장_3,152,망우역사문화공원 제3주차장,서울시,서울특별시,중랑구,서울특별시 중랑구 망우동 산 56 망우역사문화공원 공영주차장 출구,주차시설,공영주차장,DC콤보,True,False,100,동시,0,1440,0,1440,24시간 이용가능,,False,True,False,True,True,,,,,,,DC콤보 후보. 현장 진입·가용성·요금·좌표 확인 필요,01_raw_data/charging/서울시 소유 전기차 충전소 정보.csv
seoul_owned_망우역사문화공원 제3주차장_4,153,망우역사문화공원 제3주차장,서울시,서울특별시,중랑구,서울특별시 중랑구 망우동 산 56 망우역사문화공원 공영주차장 출구,주차시설,공영주차장,DC콤보,True,False,100,동시,0,1440,0,1440,24시간 이용가능,,False,True,False,True,True,,,,,,,DC콤보 후보. 현장 진입·가용성·요금·좌표 확인 필요,01_raw_data/charging/서울시 소유 전기차 충전소 정보.csv
seoul_owned_망우제2 거주자주차장_1,154,망우제2 거주자주차장,서울시,서울특별시,중랑구,"서울특별시 중랑구 망우로71길 53 (망우동, 망우제2거주자주차장) 지상1층 진입로 정면 20M",주차시설,일반주차장,DC콤보,True,False,50,단독,480,1140,540,1080,"주중 08:00~19:00, 주말 09:00~18:00",,False,True,False,True,True,,,,,,,DC콤보 후보. 현장 진입·가용성·요금·좌표 확인 필요,01_raw_data/charging/서울시 소유 전기차 충전소 정보.csv
seoul_owned_망원3 노상공영주차장_1,155,망원3 노상공영주차장,서울시,서울특별시,마포구,서울특별시 마포구 희우정로 125,주차시설,공영주차장,DC콤보,True,False,50,단독,0,1440,0,1440,24시간 이용가능,,False,True,False,True,True,,,,,,,DC콤보 후보. 현장 진입·가용성·요금·좌표 확인 필요,01_raw_data/charging/서울시 소유 전기차 충전소 정보.csv
seoul_owned_면목5동 공영주차장_1,156,면목5동 공영주차장,서울시,서울특별시,중랑구,서울특별시 중랑구 동일로 593 면목5동 공영주차장,공공시설,지자체시설,DC콤보,True,False,100,단독,0,1440,0,1440,24시간 이용가능,,False,True,False,True,True,,,,,,,DC콤보 후보. 현장 진입·가용성·요금·좌표 확인 필요,01_raw_data/charging/서울시 소유 전기차 충전소 정보.csv
seoul_owned_면목5동 공영주차장_2,157,면목5동 공영주차장,서울시,서울특별시,중랑구,서울특별시 중랑구 동일로 593 면목5동 공영주차장,공공시설,지자체시설,DC콤보,True,False,100,단독,0,1440,0,1440,24시간 이용가능,,False,True,False,True,True,,,,,,,DC콤보 후보. 현장 진입·가용성·요금·좌표 확인 필요,01_raw_data/charging/서울시 소유 전기차 충전소 정보.csv
seoul_owned_면일초등학교 공영주차장_1,158,면일초등학교 공영주차장,서울시,서울특별시,중랑구,서울특별시 중랑구 용마산로100길 13 면일초등학교 공영주차장,공공시설,지자체시설,DC콤보,True,False,50,단독,0,1440,0,1440,24시간 이용가능,,False,True,False,True,True,,,,,,,DC콤보 후보. 현장 진입·가용성·요금·좌표 확인 필요,01_raw_data/charging/서울시 소유 전기차 충전소 정보.csv
seoul_owned_면일초등학교 공영주차장_2,159,면일초등학교 공영주차장,서울시,서울특별시,중랑구,서울특별시 중랑구 용마산로100길 13 면일초등학교 공영주차장,공공시설,지자체시설,DC콤보,True,False,100,단독,0,1440,0,1440,24시간 이용가능,,False,True,False,True,True,,,,,,,DC콤보 후보. 현장 진입·가용성·요금·좌표 확인 필요,01_raw_data/charging/서울시 소유 전기차 충전소 정보.csv
seoul_owned_면일초등학교 공영주차장_3,160,면일초등학교 공영주차장,서울시,서울특별시,중랑구,서울특별시 중랑구 용마산로100길 13 면일초등학교 공영주차장,공공시설,지자체시설,DC콤보,True,False,100,단독,0,1440,0,1440,24시간 이용가능,,False,True,False,True,True,,,,,,,DC콤보 후보. 현장 진입·가용성·요금·좌표 확인 필요,01_raw_data/charging/서울시 소유 전기차 충전소 정보.csv
seoul_owned_명일동 거주자주차장(127번)_1,161,명일동 거주자주차장(127번),서울시,서울특별시,강동구,서울특별시 강동구 명일동 51-1 유료 127번,주차시설,공영주차장,DC콤보,True,False,50,단독,0,1440,0,1440,24시간 이용가능,,False,True,False,True,True,,,,,,,DC콤보 후보. 현장 진입·가용성·요금·좌표 확인 필요,01_raw_data/charging/서울시 소유 전기차 충전소 정보.csv
seoul_owned_명일동 거주자주차장(134번)_1,162,명일동 거주자주차장(134번),서울시,서울특별시,강동구,서울특별시 강동구 명일동 51-1 유료 134번 구획,주차시설,공영주차장,DC콤보,True,False,50,단독,0,1440,0,1440,24시간 이용가능,,False,True,False,True,True,,,,,,,DC콤보 후보. 현장 진입·가용성·요금·좌표 확인 필요,01_raw_data/charging/서울시 소유 전기차 충전소 정보.csv
seoul_owned_목동공영주차장_1,163,목동공영주차장,서울시,서울특별시,양천구,서울특별시 양천구 목동동로 298 목동공영주차장,주차시설,공영주차장,DC콤보,True,False,100,단독,0,1440,0,1440,24시간 이용가능,,False,True,False,True,True,,,,,,,DC콤보 후보. 현장 진입·가용성·요금·좌표 확인 필요,01_raw_data/charging/서울시 소유 전기차 충전소 정보.csv
seoul_owned_목동공영주차장_2,164,목동공영주차장,서울시,서울특별시,양천구,서울특별시 양천구 목동동로 298 목동공영주차장,주차시설,공영주차장,DC콤보,True,False,100,단독,0,1440,0,1440,24시간 이용가능,,False,True,False,True,True,,,,,,,DC콤보 후보. 현장 진입·가용성·요금·좌표 확인 필요,01_raw_data/charging/서울시 소유 전기차 충전소 정보.csv
seoul_owned_목동공영주차장_3,165,목동공영주차장,서울시,서울특별시,양천구,서울특별시 양천구 목동동로 298 목동공영주차장,주차시설,공영주차장,DC콤보,True,False,100,단독,0,1440,0,1440,24시간 이용가능,,False,True,False,True,True,,,,,,,DC콤보 후보. 현장 진입·가용성·요금·좌표 확인 필요,01_raw_data/charging/서울시 소유 전기차 충전소 정보.csv
seoul_owned_목동공영주차장_4,166,목동공영주차장,서울시,서울특별시,양천구,서울특별시 양천구 목동동로 298 목동공영주차장,주차시설,공영주차장,DC콤보,True,False,100,단독,0,1440,0,1440,24시간 이용가능,,False,True,False,True,True,,,,,,,DC콤보 후보. 현장 진입·가용성·요금·좌표 확인 필요,01_raw_data/charging/서울시 소유 전기차 충전소 정보.csv
seoul_owned_목동공영주차장_5,167,목동공영주차장,서울시,서울특별시,양천구,서울특별시 양천구 목동동로 298 목동공영주차장,주차시설,공영주차장,DC콤보,True,False,100,단독,0,1440,0,1440,24시간 이용가능,,False,True,False,True,True,,,,,,,DC콤보 후보. 현장 진입·가용성·요금·좌표 확인 필요,01_raw_data/charging/서울시 소유 전기차 충전소 정보.csv
seoul_owned_목동공영주차장_6,168,목동공영주차장,서울시,서울특별시,양천구,서울특별시 양천구 목동동로 298 목동공영주차장,주차시설,공영주차장,DC콤보,True,False,100,단독,0,1440,0,1440,24시간 이용가능,,False,True,False,True,True,,,,,,,DC콤보 후보. 현장 진입·가용성·요금·좌표 확인 필요,01_raw_data/charging/서울시 소유 전기차 충전소 정보.csv
seoul_owned_목동공영주차장_7,169,목동공영주차장,서울시,서울특별시,양천구,서울특별시 양천구 목동동로 298 목동공영주차장,주차시설,공영주차장,DC콤보,True,False,100,단독,0,1440,0,1440,24시간 이용가능,,False,True,False,True,True,,,,,,,DC콤보 후보. 현장 진입·가용성·요금·좌표 확인 필요,01_raw_data/charging/서울시 소유 전기차 충전소 정보.csv
seoul_owned_목동공영주차장_8,170,목동공영주차장,서울시,서울특별시,양천구,서울특별시 양천구 목동동로 298 목동공영주차장,주차시설,공영주차장,DC콤보,True,False,100,단독,0,1440,0,1440,24시간 이용가능,,False,True,False,True,True,,,,,,,DC콤보 후보. 현장 진입·가용성·요금·좌표 확인 필요,01_raw_data/charging/서울시 소유 전기차 충전소 정보.csv
seoul_owned_목동공영주차장_9,171,목동공영주차장,서울시,서울특별시,양천구,서울특별시 양천구 목동동로 298 목동공영주차장,주차시설,공영주차장,DC콤보,True,False,100,단독,0,1440,0,1440,24시간 이용가능,,False,True,False,True,True,,,,,,,DC콤보 후보. 현장 진입·가용성·요금·좌표 확인 필요,01_raw_data/charging/서울시 소유 전기차 충전소 정보.csv
seoul_owned_목동공영주차장_10,172,목동공영주차장,서울시,서울특별시,양천구,서울특별시 양천구 목동동로 298 목동공영주차장,주차시설,공영주차장,DC콤보,True,False,100,단독,0,1440,0,1440,24시간 이용가능,,False,True,False,True,True,,,,,,,DC콤보 후보. 현장 진입·가용성·요금·좌표 확인 필요,01_raw_data/charging/서울시 소유 전기차 충전소 정보.csv
seoul_owned_목동공영주차장_11,173,목동공영주차장,서울시,서울특별시,양천구,서울특별시 양천구 목동동로 298 목동공영주차장,주차시설,공영주차장,DC콤보,True,False,100,단독,0,1440,0,1440,24시간 이용가능,,False,True,False,True,True,,,,,,,DC콤보 후보. 현장 진입·가용성·요금·좌표 확인 필요,01_raw_data/charging/서울시 소유 전기차 충전소 정보.csv
seoul_owned_목동공영주차장_12,174,목동공영주차장,서울시,서울특별시,양천구,서울특별시 양천구 목동동로 298 목동공영주차장,주차시설,공영주차장,DC콤보,True,False,100,단독,0,1440,0,1440,24시간 이용가능,,False,True,False,True,True,,,,,,,DC콤보 후보. 현장 진입·가용성·요금·좌표 확인 필요,01_raw_data/charging/서울시 소유 전기차 충전소 정보.csv
seoul_owned_목동공영주차장_13,175,목동공영주차장,서울시,서울특별시,양천구,서울특별시 양천구 목동동로 298 목동공영주차장,주차시설,공영주차장,DC콤보,True,False,100,단독,0,1440,0,1440,24시간 이용가능,,False,True,False,True,True,,,,,,,DC콤보 후보. 현장 진입·가용성·요금·좌표 확인 필요,01_raw_data/charging/서울시 소유 전기차 충전소 정보.csv
seoul_owned_문정근린공원 공영주차장_1,176,문정근린공원 공영주차장,서울시,서울특별시,송파구,서울특별시 송파구 문정로 지하12 문정근린공원 공영주차장,주차시설,공영주차장,AC완속,False,True,7,단독,0,1440,0,1440,24시간 이용가능,,False,True,False,True,True,,,,,,,AC완속 물리 커넥터 규격·현장 진입 확인 필요,01_raw_data/charging/서울시 소유 전기차 충전소 정보.csv
seoul_owned_문정근린공원 공영주차장_2,177,문정근린공원 공영주차장,서울시,서울특별시,송파구,서울특별시 송파구 문정로 지하12 문정근린공원 공영주차장,주차시설,공영주차장,AC완속,False,True,7,단독,0,1440,0,1440,24시간 이용가능,,False,True,False,True,True,,,,,,,AC완속 물리 커넥터 규격·현장 진입 확인 필요,01_raw_data/charging/서울시 소유 전기차 충전소 정보.csv
seoul_owned_문정근린공원 공영주차장_3,178,문정근린공원 공영주차장,서울시,서울특별시,송파구,서울특별시 송파구 문정로 지하12 문정근린공원 공영주차장,주차시설,공영주차장,AC완속,False,True,7,단독,0,1440,0,1440,24시간 이용가능,,False,True,False,True,True,,,,,,,AC완속 물리 커넥터 규격·현장 진입 확인 필요,01_raw_data/charging/서울시 소유 전기차 충전소 정보.csv
seoul_owned_문정동 세광교회 앞 전기차 충전소_1,179,문정동 세광교회 앞 전기차 충전소,서울시,서울특별시,송파구,서울특별시 송파구 동남로4길 37 세광교회 앞,주차시설,공영주차장,AC완속,False,True,7,단독,0,1440,0,1440,24시간 이용가능,,False,True,False,True,True,,,,,,,AC완속 물리 커넥터 규격·현장 진입 확인 필요,01_raw_data/charging/서울시 소유 전기차 충전소 정보.csv
seoul_owned_문화재청 궁능유적본부_1,180,문화재청 궁능유적본부,서울시,서울특별시,강남구,서울특별시 강남구 선릉로100길 1 문화재청 궁능유적본부,공공시설,지자체시설,AC완속,False,True,7,단독,0,1440,0,1440,24시간 이용가능,,False,True,False,True,True,,,,,,,AC완속 물리 커넥터 규격·현장 진입 확인 필요,01_raw_data/charging/서울시 소유 전기차 충전소 정보.csv
seoul_owned_문화재청 궁능유적본부_2,181,문화재청 궁능유적본부,서울시,서울특별시,강남구,서울특별시 강남구 선릉로100길 1 문화재청 궁능유적본부,공공시설,지자체시설,AC완속,False,True,7,단독,0,1440,0,1440,24시간 이용가능,,False,True,False,True,True,,,,,,,AC완속 물리 커넥터 규격·현장 진입 확인 필요,01_raw_data/charging/서울시 소유 전기차 충전소 정보.csv
seoul_owned_미아동 도봉세무서 앞 전기차 충전소_1,182,미아동 도봉세무서 앞 전기차 충전소,서울시,서울특별시,강북구,서울특별시 강북구 도봉로 117,주차시설,공영주차장,AC완속,False,True,7,단독,0,1440,0,1440,24시간 이용가능,,False,True,False,True,True,,,,,,,AC완속 물리 커넥터 규격·현장 진입 확인 필요,01_raw_data/charging/서울시 소유 전기차 충전소 정보.csv
seoul_owned_미아동 축산농협 전기차 충전소_1,183,미아동 축산농협 전기차 충전소,서울시,서울특별시,강북구,서울특별시 강북구 도봉로 136,주차시설,공영주차장,AC완속,False,True,7,단독,0,1440,0,1440,24시간 이용가능,,False,True,False,True,True,,,,,,,AC완속 물리 커넥터 규격·현장 진입 확인 필요,01_raw_data/charging/서울시 소유 전기차 충전소 정보.csv
seoul_owned_미아동 축산농협 전기차 충전소_2,184,미아동 축산농협 전기차 충전소,서울시,서울특별시,강북구,서울특별시 강북구 도봉로 136,주차시설,공영주차장,AC완속,False,True,7,단독,0,1440,0,1440,24시간 이용가능,,False,True,False,True,True,,,,,,,AC완속 물리 커넥터 규격·현장 진입 확인 필요,01_raw_data/charging/서울시 소유 전기차 충전소 정보.csv
seoul_owned_미아동공영주차장_1,185,미아동공영주차장,서울시,서울특별시,강북구,서울특별시 강북구 도봉로61길 46 옥상층,주차시설,공영주차장,DC콤보,True,False,50,단독,0,1440,0,1440,24시간 이용가능,,False,True,False,True,True,,,,,,,DC콤보 후보. 현장 진입·가용성·요금·좌표 확인 필요,01_raw_data/charging/서울시 소유 전기차 충전소 정보.csv
seoul_owned_미화어린이공원 주차장_1,186,미화어린이공원 주차장,서울시,서울특별시,도봉구,서울특별시 도봉구 도봉로130길 13-17 굿윌스토어 앞,주차시설,일반주차장,DC콤보,True,False,50,단독,0,1440,0,1440,24시간 이용가능,,False,True,False,True,True,,,,,,,DC콤보 후보. 현장 진입·가용성·요금·좌표 확인 필요,01_raw_data/charging/서울시 소유 전기차 충전소 정보.csv
seoul_owned_반포복개천 노상공영주차장_1,187,반포복개천 노상공영주차장,서울시,서울특별시,서초구,서울특별시 서초구 고무래로 35-2 반포복개천 노상공영주차장,주차시설,공영주차장,DC콤보,True,False,50,단독,0,1440,0,1440,24시간 이용가능,,False,True,False,True,True,,,,,,,DC콤보 후보. 현장 진입·가용성·요금·좌표 확인 필요,01_raw_data/charging/서울시 소유 전기차 충전소 정보.csv
seoul_owned_방학동 도깨비시장 공영주차장_1,188,방학동 도깨비시장 공영주차장,서울시,서울특별시,도봉구,서울특별시 도봉구 방학로10길 51 지상층,주차시설,공영주차장,DC콤보,True,False,50,단독,0,1440,0,1440,24시간 이용가능,,False,True,False,True,True,,,,,,,DC콤보 후보. 현장 진입·가용성·요금·좌표 확인 필요,01_raw_data/charging/서울시 소유 전기차 충전소 정보.csv
seoul_owned_방화로 노상공영주차장_1,189,방화로 노상공영주차장,서울시,서울특별시,강서구,서울특별시 강서구 방화대로 139 유료 30번 구획,주차시설,공영주차장,DC콤보,True,False,50,단독,0,1440,0,1440,24시간 이용가능,,False,True,False,True,True,,,,,,,DC콤보 후보. 현장 진입·가용성·요금·좌표 확인 필요,01_raw_data/charging/서울시 소유 전기차 충전소 정보.csv
seoul_owned_배봉공영주차장_1,190,배봉공영주차장,서울시,서울특별시,동대문구,서울특별시 동대문구 망우로18나길 20 배봉공영주차장 지하1층,주차시설,공영주차장,DC콤보,True,False,100,동시,0,1440,0,1440,24시간 이용가능,,False,True,False,True,True,,,,,,,DC콤보 후보. 현장 진입·가용성·요금·좌표 확인 필요,01_raw_data/charging/서울시 소유 전기차 충전소 정보.csv
seoul_owned_배봉공영주차장_2,191,배봉공영주차장,서울시,서울특별시,동대문구,서울특별시 동대문구 망우로18나길 20 배봉공영주차장 지하1층,주차시설,공영주차장,DC콤보,True,False,100,동시,0,1440,0,1440,24시간 이용가능,,False,True,False,True,True,,,,,,,DC콤보 후보. 현장 진입·가용성·요금·좌표 확인 필요,01_raw_data/charging/서울시 소유 전기차 충전소 정보.csv
seoul_owned_보라매공원 정문주차장_1,192,보라매공원 정문주차장,서울시,서울특별시,동작구,서울특별시 동작구 여의대방로20길 33 보라매공원 정문주차장,공공시설,지자체시설,DC콤보,True,False,100,단독,0,1440,0,1440,24시간 이용가능,,False,True,False,True,True,,,,,,,DC콤보 후보. 현장 진입·가용성·요금·좌표 확인 필요,01_raw_data/charging/서울시 소유 전기차 충전소 정보.csv
seoul_owned_보라매공원 정문주차장_2,193,보라매공원 정문주차장,서울시,서울특별시,동작구,서울특별시 동작구 여의대방로20길 33 보라매공원 정문주차장,공공시설,지자체시설,DC콤보,True,False,100,단독,0,1440,0,1440,24시간 이용가능,,False,True,False,True,True,,,,,,,DC콤보 후보. 현장 진입·가용성·요금·좌표 확인 필요,01_raw_data/charging/서울시 소유 전기차 충전소 정보.csv
seoul_owned_복정역 공영주차장_1,194,복정역 공영주차장,서울시,서울특별시,송파구,"서울특별시 송파구 송파대로 지하6 (장지동, 복정역공영주차장) 지상1층 정면 직진 20M 후 좌측 지점",주차시설,공영주차장,DC콤보,True,False,50,동시,480,1140,540,1080,"주중 08:00~19:00, 주말 09:00~18:00",,False,True,False,True,True,,,,,,,DC콤보 후보. 현장 진입·가용성·요금·좌표 확인 필요,01_raw_data/charging/서울시 소유 전기차 충전소 정보.csv
seoul_owned_복정역 공영주차장_2,195,복정역 공영주차장,서울시,서울특별시,송파구,"서울특별시 송파구 송파대로 지하6 (장지동, 복정역공영주차장) 지상1층 정면 직진 20M 후 좌측 지점",주차시설,공영주차장,DC콤보,True,False,50,동시,480,1140,540,1080,"주중 08:00~19:00, 주말 09:00~18:00",,False,True,False,True,True,,,,,,,DC콤보 후보. 현장 진입·가용성·요금·좌표 확인 필요,01_raw_data/charging/서울시 소유 전기차 충전소 정보.csv
seoul_owned_봉화산역(남)환승공영주차장_1,196,봉화산역(남)환승공영주차장,서울시,서울특별시,중랑구,서울특별시 중랑구 신내동 647,주차시설,공영주차장,AC완속,False,True,7,단독,0,1440,0,1440,24시간 이용가능,,False,True,False,True,True,,,,,,,AC완속 물리 커넥터 규격·현장 진입 확인 필요,01_raw_data/charging/서울시 소유 전기차 충전소 정보.csv
seoul_owned_봉화산역(남)환승공영주차장_2,197,봉화산역(남)환승공영주차장,서울시,서울특별시,중랑구,서울특별시 중랑구 신내동 647,주차시설,공영주차장,AC완속,False,True,7,단독,0,1440,0,1440,24시간 이용가능,,False,True,False,True,True,,,,,,,AC완속 물리 커넥터 규격·현장 진입 확인 필요,01_raw_data/charging/서울시 소유 전기차 충전소 정보.csv
seoul_owned_북가좌동 공영주차장 전기차 충전소_1,198,북가좌동 공영주차장 전기차 충전소,서울시,서울특별시,서대문구,서울특별시 서대문구 거북골로14길 86 거주자우선공영주차장,주차시설,공영주차장,AC완속,False,True,7,단독,0,1440,0,1440,24시간 이용가능,,False,True,False,True,True,,,,,,,AC완속 물리 커넥터 규격·현장 진입 확인 필요,01_raw_data/charging/서울시 소유 전기차 충전소 정보.csv
seoul_owned_북악골프연습장_1,199,북악골프연습장,서울시,서울특별시,성북구,서울특별시 성북구 북악산로 537-14 북악골프연습장,공공시설,지자체시설,DC콤보,True,False,50,동시,300,1440,300,1440,05:00 ~ 24:00,,False,True,False,True,True,,,,,,,DC콤보 후보. 현장 진입·가용성·요금·좌표 확인 필요,01_raw_data/charging/서울시 소유 전기차 충전소 정보.csv
seoul_owned_북악골프연습장_2,200,북악골프연습장,서울시,서울특별시,성북구,서울특별시 성북구 북악산로 537-14 북악골프연습장,공공시설,지자체시설,DC콤보,True,False,50,동시,300,1440,300,1440,05:00 ~ 24:00,,False,True,False,True,True,,,,,,,DC콤보 후보. 현장 진입·가용성·요금·좌표 확인 필요,01_raw_data/charging/서울시 소유 전기차 충전소 정보.csv
seoul_owned_북악골프연습장_3,201,북악골프연습장,서울시,서울특별시,성북구,서울특별시 성북구 북악산로 537-14 북악골프연습장,공공시설,지자체시설,DC콤보,True,False,100,단독,300,1440,300,1440,05:00 ~ 24:00,,False,True,False,True,True,,,,,,,DC콤보 후보. 현장 진입·가용성·요금·좌표 확인 필요,01_raw_data/charging/서울시 소유 전기차 충전소 정보.csv
seoul_owned_불암산공영주차장_1,202,불암산공영주차장,서울시,서울특별시,노원구,서울특별시 노원구 덕릉로94길 73 불암산공영주차장,주차시설,공영주차장,DC콤보,True,False,100,동시,0,1440,0,1440,24시간 이용가능,,False,True,False,True,True,,,,,,,DC콤보 후보. 현장 진입·가용성·요금·좌표 확인 필요,01_raw_data/charging/서울시 소유 전기차 충전소 정보.csv
seoul_owned_불암산공영주차장_2,203,불암산공영주차장,서울시,서울특별시,노원구,서울특별시 노원구 덕릉로94길 73 불암산공영주차장,주차시설,공영주차장,DC콤보,True,False,100,동시,0,1440,0,1440,24시간 이용가능,,False,True,False,True,True,,,,,,,DC콤보 후보. 현장 진입·가용성·요금·좌표 확인 필요,01_raw_data/charging/서울시 소유 전기차 충전소 정보.csv
seoul_owned_불암산스포츠타운_1,204,불암산스포츠타운,서울시,서울특별시,노원구,"서울 노원구 중계로 36(불암산스포츠타운) (공릉동, 불암산스포츠타운) 지상1층 우측 5m",주차시설,공영주차장,DC콤보,True,False,100,단독,0,1440,0,1440,24시간 이용가능,,False,True,False,True,True,,,,,,,DC콤보 후보. 현장 진입·가용성·요금·좌표 확인 필요,01_raw_data/charging/서울시 소유 전기차 충전소 정보.csv
seoul_owned_빙수골 거주자우선주차장_1,205,빙수골 거주자우선주차장,서울시,서울특별시,동작구,서울시 동작구 상도동 299-16,주차시설,일반주차장,DC콤보,True,False,50,단독,0,1440,0,1440,24시간 이용가능,,False,True,False,True,True,,,,,,,DC콤보 후보. 현장 진입·가용성·요금·좌표 확인 필요,01_raw_data/charging/서울시 소유 전기차 충전소 정보.csv
seoul_owned_사당5동 주민센터 거주자주차장_1,206,사당5동 주민센터 거주자주차장,서울시,서울특별시,동작구,서울특별시 동작구 사당로2가길 219 거주자주차장 14번,주차시설,일반주차장,DC콤보,True,False,50,단독,0,1440,0,1440,24시간 이용가능,,False,True,False,True,True,,,,,,,DC콤보 후보. 현장 진입·가용성·요금·좌표 확인 필요,01_raw_data/charging/서울시 소유 전기차 충전소 정보.csv
seoul_owned_사당문화회관 부설주차장_1,207,사당문화회관 부설주차장,서울시,서울특별시,동작구,서울시 동작구 사당동 232-1,주차시설,일반주차장,DC콤보,True,False,50,단독,0,1440,0,1440,24시간 이용가능,,False,True,False,True,True,,,,,,,DC콤보 후보. 현장 진입·가용성·요금·좌표 확인 필요,01_raw_data/charging/서울시 소유 전기차 충전소 정보.csv
seoul_owned_사당종합체육관_1,208,사당종합체육관,서울시,서울특별시,동작구,서울특별시 동작구 사당로27길 232 사당종합체육관 지하주차장,공공시설,지자체시설,AC완속,False,True,7,단독,0,1440,0,1440,24시간 이용가능,,False,True,False,True,True,,,,,,,AC완속 물리 커넥터 규격·현장 진입 확인 필요,01_raw_data/charging/서울시 소유 전기차 충전소 정보.csv
seoul_owned_삼전동 공영주차장_1,209,삼전동 공영주차장,서울시,서울특별시,송파구,서울특별시 송파구 백제고분로32길 25-17 삼전동 공영주차장 지상 3층,주차시설,공영주차장,AC완속,False,True,7,단독,0,1440,0,1440,24시간 이용가능,,False,True,False,True,True,,,,,,,AC완속 물리 커넥터 규격·현장 진입 확인 필요,01_raw_data/charging/서울시 소유 전기차 충전소 정보.csv
seoul_owned_삼전동 공영주차장_2,210,삼전동 공영주차장,서울시,서울특별시,송파구,서울특별시 송파구 백제고분로32길 25-17 삼전동 공영주차장 지상 3층,주차시설,공영주차장,AC완속,False,True,7,단독,0,1440,0,1440,24시간 이용가능,,False,True,False,True,True,,,,,,,AC완속 물리 커넥터 규격·현장 진입 확인 필요,01_raw_data/charging/서울시 소유 전기차 충전소 정보.csv
seoul_owned_삼전동 공영주차장_3,211,삼전동 공영주차장,서울시,서울특별시,송파구,서울특별시 송파구 백제고분로32길 25-17 삼전동 공영주차장 지상 3층,주차시설,공영주차장,AC완속,False,True,7,단독,0,1440,0,1440,24시간 이용가능,,False,True,False,True,True,,,,,,,AC완속 물리 커넥터 규격·현장 진입 확인 필요,01_raw_data/charging/서울시 소유 전기차 충전소 정보.csv
seoul_owned_상계구민체육센터_1,212,상계구민체육센터,서울시,서울특별시,노원구,"서울 노원구 덕릉로 748 (상계동, 상계구민체육센터) 지하1층 좌측 끝",공공시설,관공서,DC콤보,True,False,100,단독,0,1440,0,1440,24시간 이용가능,,False,True,False,True,True,,,,,,,DC콤보 후보. 현장 진입·가용성·요금·좌표 확인 필요,01_raw_data/charging/서울시 소유 전기차 충전소 정보.csv
seoul_owned_서대문구청 주차장_1,213,서대문구청 주차장,서울시,서울특별시,서대문구,서울특별시 서대문구 연희로 248 전기차 충전소,공공시설,관공서,DC콤보,True,False,50,단독,540,1080,,,평일 09:00~18:00,,False,True,False,True,True,,,,,,,DC콤보 후보. 현장 진입·가용성·요금·좌표 확인 필요,01_raw_data/charging/서울시 소유 전기차 충전소 정보.csv
seoul_owned_서소문청사(지상)_1,214,서소문청사(지상),서울시,서울특별시,중구,서울특별시 중구 덕수궁길 15 지상1층 진입로 오른쪽 5M지점,공공시설,관공서,DC콤보,True,False,120,동시,540,1080,,,평일 09:00~18:00,,False,True,False,True,True,,,,,,,DC콤보 후보. 현장 진입·가용성·요금·좌표 확인 필요,01_raw_data/charging/서울시 소유 전기차 충전소 정보.csv
seoul_owned_서소문청사(지상)_2,215,서소문청사(지상),서울시,서울특별시,중구,서울특별시 중구 덕수궁길 15 지상1층 진입로 오른쪽 5M지점,공공시설,관공서,DC콤보,True,False,120,동시,540,1080,,,평일 09:00~18:00,,False,True,False,True,True,,,,,,,DC콤보 후보. 현장 진입·가용성·요금·좌표 확인 필요,01_raw_data/charging/서울시 소유 전기차 충전소 정보.csv
seoul_owned_서소문청사(지하주차장)_1,216,서소문청사(지하주차장),서울시,서울특별시,중구,"서울특별시 중구 덕수궁길 15 (서소문동, 서소문별관) 지하 진입로 직진 20M 지점",공공시설,관공서,DC콤보,True,False,50,동시,480,1140,540,1080,"주중 08:00~19:00, 주말 09:00~18:00",,False,True,False,True,True,,,,,,,DC콤보 후보. 현장 진입·가용성·요금·좌표 확인 필요,01_raw_data/charging/서울시 소유 전기차 충전소 정보.csv
seoul_owned_서소문청사(지하주차장)_2,217,서소문청사(지하주차장),서울시,서울특별시,중구,"서울특별시 중구 덕수궁길 15 (서소문동, 서소문별관) 지하 진입로 직진 20M 지점",공공시설,관공서,DC콤보,True,False,50,동시,480,1140,540,1080,"주중 08:00~19:00, 주말 09:00~18:00",,False,True,False,True,True,,,,,,,DC콤보 후보. 현장 진입·가용성·요금·좌표 확인 필요,01_raw_data/charging/서울시 소유 전기차 충전소 정보.csv
seoul_owned_서소문청사(지하주차장)_3,218,서소문청사(지하주차장),서울시,서울특별시,중구,"서울특별시 중구 덕수궁길 15 (서소문동, 서소문별관) 지하 진입로 직진 20M 지점",공공시설,관공서,DC콤보,True,False,50,동시,480,1140,540,1080,"주중 08:00~19:00, 주말 09:00~18:00",,False,True,False,True,True,,,,,,,DC콤보 후보. 현장 진입·가용성·요금·좌표 확인 필요,01_raw_data/charging/서울시 소유 전기차 충전소 정보.csv
seoul_owned_서소문청사(지하주차장)_4,219,서소문청사(지하주차장),서울시,서울특별시,중구,"서울특별시 중구 덕수궁길 15 (서소문동, 서소문별관) 지하 진입로 직진 20M 지점",공공시설,관공서,DC콤보,True,False,50,동시,480,1140,540,1080,"주중 08:00~19:00, 주말 09:00~18:00",,False,True,False,True,True,,,,,,,DC콤보 후보. 현장 진입·가용성·요금·좌표 확인 필요,01_raw_data/charging/서울시 소유 전기차 충전소 정보.csv
seoul_owned_서소문청사(지하주차장)_5,220,서소문청사(지하주차장),서울시,서울특별시,중구,"서울특별시 중구 덕수궁길 15 (서소문동, 서소문별관) 지하 진입로 직진 20M 지점",공공시설,관공서,AC완속,False,True,7,단독,480,1140,540,1080,"주중 08:00~19:00, 주말 09:00~18:00",,False,True,False,True,True,,,,,,,AC완속 물리 커넥터 규격·현장 진입 확인 필요,01_raw_data/charging/서울시 소유 전기차 충전소 정보.csv
seoul_owned_서소문청사(후생동)_1,221,서소문청사(후생동),서울시,서울특별시,중구,"서울특별시 중구 덕수궁길 15 (서소문동, 서소문청사후생동) 지상1층 주차장",공공시설,관공서,AC완속,False,True,7,단독,480,1140,540,1080,"주중 08:00~19:00, 주말 09:00~18:00",,False,True,False,True,True,,,,,,,AC완속 물리 커넥터 규격·현장 진입 확인 필요,01_raw_data/charging/서울시 소유 전기차 충전소 정보.csv
seoul_owned_서울물재생시설공단_1,222,서울물재생시설공단,서울시,서울특별시,강남구,서울특별시 강남구 일원동 580 공단 본사 주차장,공공시설,공공기관,DC콤보,True,False,100,동시,0,1440,0,1440,24시간 이용가능,,False,True,False,True,True,,,,,,,DC콤보 후보. 현장 진입·가용성·요금·좌표 확인 필요,01_raw_data/charging/서울시 소유 전기차 충전소 정보.csv
seoul_owned_서울물재생시설공단_2,223,서울물재생시설공단,서울시,서울특별시,강남구,서울특별시 강남구 일원동 580 공단 본사 주차장,공공시설,공공기관,DC콤보,True,False,100,동시,0,1440,0,1440,24시간 이용가능,,False,True,False,True,True,,,,,,,DC콤보 후보. 현장 진입·가용성·요금·좌표 확인 필요,01_raw_data/charging/서울시 소유 전기차 충전소 정보.csv
seoul_owned_서울숲공원주차장_1,224,서울숲공원주차장,서울시,서울특별시,성동구,서울특별시 성동구 왕십리로 27 서울숲공원 주차장,주차시설,공원주차장,DC콤보,True,False,100,동시,0,1440,0,1440,24시간 이용가능,,False,True,False,True,True,,,,,,,DC콤보 후보. 현장 진입·가용성·요금·좌표 확인 필요,01_raw_data/charging/서울시 소유 전기차 충전소 정보.csv
seoul_owned_서울숲공원주차장_2,225,서울숲공원주차장,서울시,서울특별시,성동구,서울특별시 성동구 왕십리로 27 서울숲공원 주차장,주차시설,공원주차장,DC콤보,True,False,100,동시,0,1440,0,1440,24시간 이용가능,,False,True,False,True,True,,,,,,,DC콤보 후보. 현장 진입·가용성·요금·좌표 확인 필요,01_raw_data/charging/서울시 소유 전기차 충전소 정보.csv
seoul_owned_서울숲공원주차장_3,226,서울숲공원주차장,서울시,서울특별시,성동구,서울특별시 성동구 왕십리로 27 서울숲공원 주차장,주차시설,공원주차장,DC콤보,True,False,50,동시,0,1440,0,1440,24시간 이용가능,,False,True,False,True,True,,,,,,,DC콤보 후보. 현장 진입·가용성·요금·좌표 확인 필요,01_raw_data/charging/서울시 소유 전기차 충전소 정보.csv
seoul_owned_서울숲공원주차장_4,227,서울숲공원주차장,서울시,서울특별시,성동구,서울특별시 성동구 왕십리로 27 서울숲공원 주차장,주차시설,공원주차장,DC콤보,True,False,50,동시,0,1440,0,1440,24시간 이용가능,,False,True,False,True,True,,,,,,,DC콤보 후보. 현장 진입·가용성·요금·좌표 확인 필요,01_raw_data/charging/서울시 소유 전기차 충전소 정보.csv
seoul_owned_서울시 본관청사_5,228,서울시 본관청사,서울시,서울특별시,중구,"서울특별시 중구 세종대로 110 (태평로1가, 서울특별시청) 지하2층 24번 기둥",공공시설,관공서,DC콤보,True,False,50,동시,480,1140,540,1080,"주중 08:00~19:00, 주말 09:00~18:00",,False,True,False,True,True,,,,,,,DC콤보 후보. 현장 진입·가용성·요금·좌표 확인 필요,01_raw_data/charging/서울시 소유 전기차 충전소 정보.csv
seoul_owned_서울시 본관청사_6,229,서울시 본관청사,서울시,서울특별시,중구,"서울특별시 중구 세종대로 110 (태평로1가, 서울특별시청) 지하2층 24번 기둥",공공시설,관공서,DC콤보,True,False,50,동시,480,1140,540,1080,"주중 08:00~19:00, 주말 09:00~18:00",,False,True,False,True,True,,,,,,,DC콤보 후보. 현장 진입·가용성·요금·좌표 확인 필요,01_raw_data/charging/서울시 소유 전기차 충전소 정보.csv
seoul_owned_서울시 본관청사_7,230,서울시 본관청사,서울시,서울특별시,중구,"서울특별시 중구 세종대로 110 (태평로1가, 서울특별시청) 지하2층 24번 기둥",공공시설,관공서,DC콤보,True,False,50,동시,480,1140,540,1080,"주중 08:00~19:00, 주말 09:00~18:00",,False,True,False,True,True,,,,,,,DC콤보 후보. 현장 진입·가용성·요금·좌표 확인 필요,01_raw_data/charging/서울시 소유 전기차 충전소 정보.csv
seoul_owned_서울시 본관청사_8,231,서울시 본관청사,서울시,서울특별시,중구,"서울특별시 중구 세종대로 110 (태평로1가, 서울특별시청) 지하2층 24번 기둥",공공시설,관공서,DC콤보,True,False,50,단독,480,1140,540,1080,"주중 08:00~19:00, 주말 09:00~18:00",,False,True,False,True,True,,,,,,,DC콤보 후보. 현장 진입·가용성·요금·좌표 확인 필요,01_raw_data/charging/서울시 소유 전기차 충전소 정보.csv
seoul_owned_서울연극창작센터_1,232,서울연극창작센터,서울시,서울특별시,성북구,서울특별시 성북구 동소문로 1 1-4,공공시설,지자체시설,DC콤보,True,False,100,동시,360,1440,360,1440,06:00 ~ 24:00,,False,True,False,True,True,,,,,,,DC콤보 후보. 현장 진입·가용성·요금·좌표 확인 필요,01_raw_data/charging/서울시 소유 전기차 충전소 정보.csv
seoul_owned_서울연극창작센터_2,233,서울연극창작센터,서울시,서울특별시,성북구,서울특별시 성북구 동소문로 1 1-4,공공시설,지자체시설,DC콤보,True,False,100,동시,360,1440,360,1440,06:00 ~ 24:00,,False,True,False,True,True,,,,,,,DC콤보 후보. 현장 진입·가용성·요금·좌표 확인 필요,01_raw_data/charging/서울시 소유 전기차 충전소 정보.csv
seoul_owned_서울월드컵경기장 _1,234,서울월드컵경기장,서울시,서울특별시,마포구,서울특별시 마포구 월드컵로 240,공공시설,지자체시설,DC콤보,True,False,100,단독,0,1440,0,1440,24시간 이용가능,,False,True,False,True,True,,,,,,,DC콤보 후보. 현장 진입·가용성·요금·좌표 확인 필요,01_raw_data/charging/서울시 소유 전기차 충전소 정보.csv
seoul_owned_서울월드컵경기장 _2,235,서울월드컵경기장,서울시,서울특별시,마포구,서울특별시 마포구 월드컵로 240,공공시설,지자체시설,DC콤보,True,False,100,단독,0,1440,0,1440,24시간 이용가능,,False,True,False,True,True,,,,,,,DC콤보 후보. 현장 진입·가용성·요금·좌표 확인 필요,01_raw_data/charging/서울시 소유 전기차 충전소 정보.csv
seoul_owned_서울월드컵경기장 _3,236,서울월드컵경기장,서울시,서울특별시,마포구,서울특별시 마포구 월드컵로 240,공공시설,지자체시설,DC콤보,True,False,100,단독,0,1440,0,1440,24시간 이용가능,,False,True,False,True,True,,,,,,,DC콤보 후보. 현장 진입·가용성·요금·좌표 확인 필요,01_raw_data/charging/서울시 소유 전기차 충전소 정보.csv
seoul_owned_서울월드컵경기장 _4,237,서울월드컵경기장,서울시,서울특별시,마포구,서울특별시 마포구 월드컵로 240,공공시설,지자체시설,DC콤보,True,False,100,단독,0,1440,0,1440,24시간 이용가능,,False,True,False,True,True,,,,,,,DC콤보 후보. 현장 진입·가용성·요금·좌표 확인 필요,01_raw_data/charging/서울시 소유 전기차 충전소 정보.csv
seoul_owned_서울월드컵경기장 _5,238,서울월드컵경기장,서울시,서울특별시,마포구,서울특별시 마포구 월드컵로 240,공공시설,지자체시설,DC콤보,True,False,100,단독,0,1440,0,1440,24시간 이용가능,,False,True,False,True,True,,,,,,,DC콤보 후보. 현장 진입·가용성·요금·좌표 확인 필요,01_raw_data/charging/서울시 소유 전기차 충전소 정보.csv
seoul_owned_서울월드컵경기장 _6,239,서울월드컵경기장,서울시,서울특별시,마포구,서울특별시 마포구 월드컵로 240,공공시설,지자체시설,DC콤보,True,False,100,단독,0,1440,0,1440,24시간 이용가능,,False,True,False,True,True,,,,,,,DC콤보 후보. 현장 진입·가용성·요금·좌표 확인 필요,01_raw_data/charging/서울시 소유 전기차 충전소 정보.csv
seoul_owned_서울월드컵경기장 _7,240,서울월드컵경기장,서울시,서울특별시,마포구,서울특별시 마포구 월드컵로 240,공공시설,지자체시설,DC콤보,True,False,100,단독,0,1440,0,1440,24시간 이용가능,,False,True,False,True,True,,,,,,,DC콤보 후보. 현장 진입·가용성·요금·좌표 확인 필요,01_raw_data/charging/서울시 소유 전기차 충전소 정보.csv
seoul_owned_서울월드컵경기장 _8,241,서울월드컵경기장,서울시,서울특별시,마포구,서울특별시 마포구 월드컵로 240,공공시설,지자체시설,DC콤보,True,False,100,단독,0,1440,0,1440,24시간 이용가능,,False,True,False,True,True,,,,,,,DC콤보 후보. 현장 진입·가용성·요금·좌표 확인 필요,01_raw_data/charging/서울시 소유 전기차 충전소 정보.csv
seoul_owned_서울월드컵경기장 _9,242,서울월드컵경기장,서울시,서울특별시,마포구,서울특별시 마포구 월드컵로 240,공공시설,지자체시설,DC콤보,True,False,100,단독,0,1440,0,1440,24시간 이용가능,,False,True,False,True,True,,,,,,,DC콤보 후보. 현장 진입·가용성·요금·좌표 확인 필요,01_raw_data/charging/서울시 소유 전기차 충전소 정보.csv
seoul_owned_서울월드컵경기장 _10,243,서울월드컵경기장,서울시,서울특별시,마포구,서울특별시 마포구 월드컵로 240,공공시설,지자체시설,DC콤보,True,False,100,단독,0,1440,0,1440,24시간 이용가능,,False,True,False,True,True,,,,,,,DC콤보 후보. 현장 진입·가용성·요금·좌표 확인 필요,01_raw_data/charging/서울시 소유 전기차 충전소 정보.csv
seoul_owned_서울월드컵경기장 _11,244,서울월드컵경기장,서울시,서울특별시,마포구,서울특별시 마포구 월드컵로 240,공공시설,지자체시설,DC콤보,True,False,100,단독,0,1440,0,1440,24시간 이용가능,,False,True,False,True,True,,,,,,,DC콤보 후보. 현장 진입·가용성·요금·좌표 확인 필요,01_raw_data/charging/서울시 소유 전기차 충전소 정보.csv
seoul_owned_서울월드컵경기장 _12,245,서울월드컵경기장,서울시,서울특별시,마포구,서울특별시 마포구 월드컵로 240,공공시설,지자체시설,DC콤보,True,False,100,단독,0,1440,0,1440,24시간 이용가능,,False,True,False,True,True,,,,,,,DC콤보 후보. 현장 진입·가용성·요금·좌표 확인 필요,01_raw_data/charging/서울시 소유 전기차 충전소 정보.csv
seoul_owned_서울월드컵경기장 _13,246,서울월드컵경기장,서울시,서울특별시,마포구,서울특별시 마포구 월드컵로 240,공공시설,지자체시설,DC콤보,True,False,100,단독,0,1440,0,1440,24시간 이용가능,,False,True,False,True,True,,,,,,,DC콤보 후보. 현장 진입·가용성·요금·좌표 확인 필요,01_raw_data/charging/서울시 소유 전기차 충전소 정보.csv
seoul_owned_서울월드컵경기장 _14,247,서울월드컵경기장,서울시,서울특별시,마포구,서울특별시 마포구 월드컵로 240,공공시설,지자체시설,DC콤보,True,False,100,단독,0,1440,0,1440,24시간 이용가능,,False,True,False,True,True,,,,,,,DC콤보 후보. 현장 진입·가용성·요금·좌표 확인 필요,01_raw_data/charging/서울시 소유 전기차 충전소 정보.csv
seoul_owned_서울월드컵경기장 _15,248,서울월드컵경기장,서울시,서울특별시,마포구,서울특별시 마포구 월드컵로 240,공공시설,지자체시설,DC콤보,True,False,100,단독,0,1440,0,1440,24시간 이용가능,,False,True,False,True,True,,,,,,,DC콤보 후보. 현장 진입·가용성·요금·좌표 확인 필요,01_raw_data/charging/서울시 소유 전기차 충전소 정보.csv
seoul_owned_서울특별시 동부기술교육원_1,249,서울특별시 동부기술교육원,서울시,경기도,안양시,경기도 안양시 동안구 시민대로 300 111,공공시설,공공기관,DC콤보,True,False,50,동시,0,1440,0,1440,24시간 이용가능,,False,False,False,True,False,,,,,,,서울 밖 충전소,01_raw_data/charging/서울시 소유 전기차 충전소 정보.csv
seoul_owned_서울특별시 동부기술교육원_2,250,서울특별시 동부기술교육원,서울시,경기도,안양시,경기도 안양시 동안구 시민대로 300 111,공공시설,공공기관,DC콤보,True,False,50,동시,0,1440,0,1440,24시간 이용가능,,False,False,False,True,False,,,,,,,서울 밖 충전소,01_raw_data/charging/서울시 소유 전기차 충전소 정보.csv
seoul_owned_서울특별시 동부기술교육원_3,251,서울특별시 동부기술교육원,서울시,경기도,안양시,경기도 안양시 동안구 시민대로 300 111,공공시설,공공기관,DC콤보,True,False,50,동시,0,1440,0,1440,24시간 이용가능,,False,False,False,True,False,,,,,,,서울 밖 충전소,01_raw_data/charging/서울시 소유 전기차 충전소 정보.csv
seoul_owned_서울특별시 동부기술교육원_4,252,서울특별시 동부기술교육원,서울시,경기도,안양시,경기도 안양시 동안구 시민대로 300 111,공공시설,공공기관,DC콤보,True,False,50,동시,0,1440,0,1440,24시간 이용가능,,False,False,False,True,False,,,,,,,서울 밖 충전소,01_raw_data/charging/서울시 소유 전기차 충전소 정보.csv
seoul_owned_석계역 공영주차장(문화공원 옆)_1,253,석계역 공영주차장(문화공원 옆),서울시,서울특별시,노원구,"서울 노원구 월계동 50-1(더조은요양병원) (월계동, 석계역 공영주차장) 지상1층 진입로 우측 50m",주차시설,공영주차장,DC콤보,True,False,100,동시,0,1440,0,1440,24시간 이용가능,,False,True,False,True,True,,,,,,,DC콤보 후보. 현장 진입·가용성·요금·좌표 확인 필요,01_raw_data/charging/서울시 소유 전기차 충전소 정보.csv
seoul_owned_석계역 공영주차장(문화공원 옆)_2,254,석계역 공영주차장(문화공원 옆),서울시,서울특별시,노원구,"서울 노원구 월계동 50-1(더조은요양병원) (월계동, 석계역 공영주차장) 지상1층 진입로 우측 50m",주차시설,공영주차장,DC콤보,True,False,100,동시,0,1440,0,1440,24시간 이용가능,,False,True,False,True,True,,,,,,,DC콤보 후보. 현장 진입·가용성·요금·좌표 확인 필요,01_raw_data/charging/서울시 소유 전기차 충전소 정보.csv
seoul_owned_석계역 공영주차장(석계역 앞)_1,255,석계역 공영주차장(석계역 앞),서울시,서울특별시,노원구,"서울 노원구 월계동 64-2(운기빌라) (월계동, 석계역 공영주차장) 지상 1층 10m",주차시설,공영주차장,DC콤보,True,False,100,동시,0,1440,0,1440,24시간 이용가능,,False,True,False,True,True,,,,,,,DC콤보 후보. 현장 진입·가용성·요금·좌표 확인 필요,01_raw_data/charging/서울시 소유 전기차 충전소 정보.csv
seoul_owned_석계역 공영주차장(석계역 앞)_2,256,석계역 공영주차장(석계역 앞),서울시,서울특별시,노원구,"서울 노원구 월계동 64-2(운기빌라) (월계동, 석계역 공영주차장) 지상 1층 10m",주차시설,공영주차장,DC콤보,True,False,100,동시,0,1440,0,1440,24시간 이용가능,,False,True,False,True,True,,,,,,,DC콤보 후보. 현장 진입·가용성·요금·좌표 확인 필요,01_raw_data/charging/서울시 소유 전기차 충전소 정보.csv
seoul_owned_석관동공영주차장_1,257,석관동공영주차장,서울시,서울특별시,성북구,서울특별시 성북구 돌곶이로11길 10 석관동공영주차장,주차시설,공영주차장,DC콤보,True,False,50,동시,0,1440,0,1440,24시간 이용가능,,False,True,False,True,True,,,,,,,DC콤보 후보. 현장 진입·가용성·요금·좌표 확인 필요,01_raw_data/charging/서울시 소유 전기차 충전소 정보.csv
seoul_owned_석관동공영주차장_2,258,석관동공영주차장,서울시,서울특별시,성북구,서울특별시 성북구 돌곶이로11길 10 석관동공영주차장,주차시설,공영주차장,DC콤보,True,False,50,동시,0,1440,0,1440,24시간 이용가능,,False,True,False,True,True,,,,,,,DC콤보 후보. 현장 진입·가용성·요금·좌표 확인 필요,01_raw_data/charging/서울시 소유 전기차 충전소 정보.csv
seoul_owned_석관동공영주차장_3,259,석관동공영주차장,서울시,서울특별시,성북구,서울특별시 성북구 돌곶이로11길 10 석관동공영주차장,주차시설,공영주차장,DC콤보,True,False,50,동시,0,1440,0,1440,24시간 이용가능,,False,True,False,True,True,,,,,,,DC콤보 후보. 현장 진입·가용성·요금·좌표 확인 필요,01_raw_data/charging/서울시 소유 전기차 충전소 정보.csv
seoul_owned_석관동공영주차장_4,260,석관동공영주차장,서울시,서울특별시,성북구,서울특별시 성북구 돌곶이로11길 10 석관동공영주차장,주차시설,공영주차장,DC콤보,True,False,50,동시,0,1440,0,1440,24시간 이용가능,,False,True,False,True,True,,,,,,,DC콤보 후보. 현장 진입·가용성·요금·좌표 확인 필요,01_raw_data/charging/서울시 소유 전기차 충전소 정보.csv
seoul_owned_성동구 마장동 거주자우선주차장 가로등형 충전기_1,261,성동구 마장동 거주자우선주차장 가로등형 충전기,서울시,서울특별시,성동구,서울특별시 성동구 마장동 775-2 트레저힐스 (서울특별시 성동구 마조로19길 18 전기차 충전소),기타시설,기타,DC콤보,True,False,50,단독,540,1080,,,평일 09:00~18:00,,False,True,False,True,True,,,,,,,DC콤보 후보. 현장 진입·가용성·요금·좌표 확인 필요,01_raw_data/charging/서울시 소유 전기차 충전소 정보.csv
seoul_owned_성동구청_1,262,성동구청,서울시,서울특별시,성동구,"서울특별시 성동구 고산자로 270 (행당동, 성동구청) 지하2층 F7번 구역",공공시설,관공서,DC차데모+AC3상+DC콤보,True,False,50,단독,480,1140,540,1080,"주중 08:00~19:00, 주말 09:00~18:00",,False,True,False,True,True,,,,,,,DC콤보 후보. 현장 진입·가용성·요금·좌표 확인 필요,01_raw_data/charging/서울시 소유 전기차 충전소 정보.csv
seoul_owned_성북구의회_1,263,성북구의회,서울시,서울특별시,성북구,서울특별시 성북구 북악산로 949-60 성북구의회 주차장,공공시설,관공서,DC콤보,True,False,50,단독,0,1440,0,1440,24시간 이용가능,,False,True,False,True,True,,,,,,,DC콤보 후보. 현장 진입·가용성·요금·좌표 확인 필요,01_raw_data/charging/서울시 소유 전기차 충전소 정보.csv
seoul_owned_송월동차고지_4,264,송월동차고지,서울시,서울특별시,종로구,"서울특별시 종로구 송월길 52 (송월동, 국립기상박물관) 지상1층 주차장 왼쪽 5M(급속), 오른쪽 5M(완속)",관광시설,박물관,DC콤보,True,False,100,동시,480,1140,540,1080,"주중 08:00~19:00, 주말 09:00~18:00",,False,True,False,True,True,,,,,,,DC콤보 후보. 현장 진입·가용성·요금·좌표 확인 필요,01_raw_data/charging/서울시 소유 전기차 충전소 정보.csv
seoul_owned_송월동차고지_5,265,송월동차고지,서울시,서울특별시,종로구,"서울특별시 종로구 송월길 52 (송월동, 국립기상박물관) 지상1층 주차장 왼쪽 5M(급속), 오른쪽 5M(완속)",관광시설,박물관,DC콤보,True,False,100,동시,480,1140,540,1080,"주중 08:00~19:00, 주말 09:00~18:00",,False,True,False,True,True,,,,,,,DC콤보 후보. 현장 진입·가용성·요금·좌표 확인 필요,01_raw_data/charging/서울시 소유 전기차 충전소 정보.csv
seoul_owned_송월동차고지_8,266,송월동차고지,서울시,서울특별시,종로구,"서울특별시 종로구 송월길 52 (송월동, 국립기상박물관) 지상1층 주차장 왼쪽 5M(급속), 오른쪽 5M(완속)",관광시설,박물관,DC콤보,True,False,100,동시,480,1140,540,1080,"주중 08:00~19:00, 주말 09:00~18:00",,False,True,False,True,True,,,,,,,DC콤보 후보. 현장 진입·가용성·요금·좌표 확인 필요,01_raw_data/charging/서울시 소유 전기차 충전소 정보.csv
seoul_owned_송월동차고지_9,267,송월동차고지,서울시,서울특별시,종로구,"서울특별시 종로구 송월길 52 (송월동, 국립기상박물관) 지상1층 주차장 왼쪽 5M(급속), 오른쪽 5M(완속)",관광시설,박물관,DC콤보,True,False,100,단독,480,1140,540,1080,"주중 08:00~19:00, 주말 09:00~18:00",,False,True,False,True,True,,,,,,,DC콤보 후보. 현장 진입·가용성·요금·좌표 확인 필요,01_raw_data/charging/서울시 소유 전기차 충전소 정보.csv
seoul_owned_송월동차고지_10,268,송월동차고지,서울시,서울특별시,종로구,"서울특별시 종로구 송월길 52 (송월동, 국립기상박물관) 지상1층 주차장 왼쪽 5M(급속), 오른쪽 5M(완속)",관광시설,박물관,DC콤보,True,False,50,동시,480,1140,540,1080,"주중 08:00~19:00, 주말 09:00~18:00",,False,True,False,True,True,,,,,,,DC콤보 후보. 현장 진입·가용성·요금·좌표 확인 필요,01_raw_data/charging/서울시 소유 전기차 충전소 정보.csv
seoul_owned_송월동차고지_11,269,송월동차고지,서울시,서울특별시,종로구,"서울특별시 종로구 송월길 52 (송월동, 국립기상박물관) 지상1층 주차장 왼쪽 5M(급속), 오른쪽 5M(완속)",관광시설,박물관,DC콤보,True,False,50,단독,480,1140,540,1080,"주중 08:00~19:00, 주말 09:00~18:00",,False,True,False,True,True,,,,,,,DC콤보 후보. 현장 진입·가용성·요금·좌표 확인 필요,01_raw_data/charging/서울시 소유 전기차 충전소 정보.csv
seoul_owned_송월동차고지_12,270,송월동차고지,서울시,서울특별시,종로구,"서울특별시 종로구 송월길 52 (송월동, 국립기상박물관) 지상1층 주차장 왼쪽 5M(급속), 오른쪽 5M(완속)",관광시설,박물관,AC완속,False,True,7,단독,480,1140,540,1080,"주중 08:00~19:00, 주말 09:00~18:00",,False,True,False,True,True,,,,,,,AC완속 물리 커넥터 규격·현장 진입 확인 필요,01_raw_data/charging/서울시 소유 전기차 충전소 정보.csv
seoul_owned_송월동차고지_13,271,송월동차고지,서울시,서울특별시,종로구,"서울특별시 종로구 송월길 52 (송월동, 국립기상박물관) 지상1층 주차장 왼쪽 5M(급속), 오른쪽 5M(완속)",관광시설,박물관,AC완속,False,True,7,단독,480,1140,540,1080,"주중 08:00~19:00, 주말 09:00~18:00",,False,True,False,True,True,,,,,,,AC완속 물리 커넥터 규격·현장 진입 확인 필요,01_raw_data/charging/서울시 소유 전기차 충전소 정보.csv
seoul_owned_송월동차고지_14,272,송월동차고지,서울시,서울특별시,종로구,"서울특별시 종로구 송월길 52 (송월동, 국립기상박물관) 지상1층 주차장 왼쪽 5M(급속), 오른쪽 5M(완속)",관광시설,박물관,AC완속,False,True,7,단독,480,1140,540,1080,"주중 08:00~19:00, 주말 09:00~18:00",,False,True,False,True,True,,,,,,,AC완속 물리 커넥터 규격·현장 진입 확인 필요,01_raw_data/charging/서울시 소유 전기차 충전소 정보.csv
seoul_owned_송월동차고지_15,273,송월동차고지,서울시,서울특별시,종로구,"서울특별시 종로구 송월길 52 (송월동, 국립기상박물관) 지상1층 주차장 왼쪽 5M(급속), 오른쪽 5M(완속)",관광시설,박물관,AC완속,False,True,7,단독,480,1140,540,1080,"주중 08:00~19:00, 주말 09:00~18:00",,False,True,False,True,True,,,,,,,AC완속 물리 커넥터 규격·현장 진입 확인 필요,01_raw_data/charging/서울시 소유 전기차 충전소 정보.csv
seoul_owned_송월동차고지_16,274,송월동차고지,서울시,서울특별시,종로구,"서울특별시 종로구 송월길 52 (송월동, 국립기상박물관) 지상1층 주차장 왼쪽 5M(급속), 오른쪽 5M(완속)",관광시설,박물관,AC완속,False,True,7,단독,480,1140,540,1080,"주중 08:00~19:00, 주말 09:00~18:00",,False,True,False,True,True,,,,,,,AC완속 물리 커넥터 규격·현장 진입 확인 필요,01_raw_data/charging/서울시 소유 전기차 충전소 정보.csv
seoul_owned_송월동차고지_17,275,송월동차고지,서울시,서울특별시,종로구,"서울특별시 종로구 송월길 52 (송월동, 국립기상박물관) 지상1층 주차장 왼쪽 5M(급속), 오른쪽 5M(완속)",관광시설,박물관,AC완속,False,True,7,단독,480,1140,540,1080,"주중 08:00~19:00, 주말 09:00~18:00",,False,True,False,True,True,,,,,,,AC완속 물리 커넥터 규격·현장 진입 확인 필요,01_raw_data/charging/서울시 소유 전기차 충전소 정보.csv
seoul_owned_송월동차고지_18,276,송월동차고지,서울시,서울특별시,종로구,"서울특별시 종로구 송월길 52 (송월동, 국립기상박물관) 지상1층 주차장 왼쪽 5M(급속), 오른쪽 5M(완속)",관광시설,박물관,AC완속,False,True,7,단독,480,1140,540,1080,"주중 08:00~19:00, 주말 09:00~18:00",,False,True,False,True,True,,,,,,,AC완속 물리 커넥터 규격·현장 진입 확인 필요,01_raw_data/charging/서울시 소유 전기차 충전소 정보.csv
seoul_owned_송정동주민센터_1,277,송정동주민센터,서울시,서울특별시,성동구,서울특별시 성동구 동일로43길 13 송정동주민센터,공공시설,주민센터,DC콤보,True,False,100,단독,0,1440,0,1440,24시간 이용가능,,False,True,False,True,True,,,,,,,DC콤보 후보. 현장 진입·가용성·요금·좌표 확인 필요,01_raw_data/charging/서울시 소유 전기차 충전소 정보.csv
seoul_owned_수락산 근린공원 공영주차장_1,278,수락산 근린공원 공영주차장,서울시,서울특별시,노원구,"서울특별시 노원구 상계동 14 (상계동, 수락산 공영주차장) 지상1층 정면 10m",주차시설,공영주차장,DC콤보,True,False,100,동시,0,1440,0,1440,24시간 이용가능,,False,True,False,True,True,,,,,,,DC콤보 후보. 현장 진입·가용성·요금·좌표 확인 필요,01_raw_data/charging/서울시 소유 전기차 충전소 정보.csv
seoul_owned_수락산 근린공원 공영주차장_2,279,수락산 근린공원 공영주차장,서울시,서울특별시,노원구,"서울특별시 노원구 상계동 14 (상계동, 수락산 공영주차장) 지상1층 정면 10m",주차시설,공영주차장,DC콤보,True,False,100,동시,0,1440,0,1440,24시간 이용가능,,False,True,False,True,True,,,,,,,DC콤보 후보. 현장 진입·가용성·요금·좌표 확인 필요,01_raw_data/charging/서울시 소유 전기차 충전소 정보.csv
seoul_owned_수락산당고개공원_1,280,수락산당고개공원,서울시,서울특별시,노원구,"서울 노원구 상계로 273 (상계동, 수락산당고개지구공원) 지상1층 정면 10m",주차시설,공영주차장,DC콤보,True,False,100,단독,0,1440,0,1440,24시간 이용가능,,False,True,False,True,True,,,,,,,DC콤보 후보. 현장 진입·가용성·요금·좌표 확인 필요,01_raw_data/charging/서울시 소유 전기차 충전소 정보.csv
seoul_owned_수락산당고개공원_2,281,수락산당고개공원,서울시,서울특별시,노원구,"서울 노원구 상계로 273 (상계동, 수락산당고개지구공원) 지상1층 정면 10m",주차시설,공영주차장,DC콤보,True,False,100,단독,0,1440,0,1440,24시간 이용가능,,False,True,False,True,True,,,,,,,DC콤보 후보. 현장 진입·가용성·요금·좌표 확인 필요,01_raw_data/charging/서울시 소유 전기차 충전소 정보.csv
seoul_owned_수락산디자인거리_1,282,수락산디자인거리,서울시,서울특별시,노원구,"서울 노원구 동일로242길 67 (상계동, 수락산디자인거리) 휴플러스수락한신아파트 앞 노상공영주차장",주차시설,공영주차장,DC콤보,True,False,100,단독,0,1440,0,1440,24시간 이용가능,,False,True,False,True,True,,,,,,,DC콤보 후보. 현장 진입·가용성·요금·좌표 확인 필요,01_raw_data/charging/서울시 소유 전기차 충전소 정보.csv
seoul_owned_수락산디자인거리_2,283,수락산디자인거리,서울시,서울특별시,노원구,"서울 노원구 동일로242길 67 (상계동, 수락산디자인거리) 휴플러스수락한신아파트 앞 노상공영주차장",주차시설,공영주차장,DC콤보,True,False,100,단독,0,1440,0,1440,24시간 이용가능,,False,True,False,True,True,,,,,,,DC콤보 후보. 현장 진입·가용성·요금·좌표 확인 필요,01_raw_data/charging/서울시 소유 전기차 충전소 정보.csv
seoul_owned_수락산디자인거리 공영주차장_1,284,수락산디자인거리 공영주차장,서울시,서울특별시,노원구,서울특별시 노원구 상계동 1119 해주네 곰탕 앞,주차시설,공영주차장,DC콤보,True,False,50,단독,0,1440,0,1440,24시간 이용가능,,False,True,False,True,True,,,,,,,DC콤보 후보. 현장 진입·가용성·요금·좌표 확인 필요,01_raw_data/charging/서울시 소유 전기차 충전소 정보.csv
seoul_owned_수락산스포츠타운_1,285,수락산스포츠타운,서울시,서울특별시,노원구,"서울 노원구 상계동 123-1(체육시설 관리동) (상계동, 수락산스포츠타운) 지상1층 우측 5m",주차시설,공영주차장,DC콤보,True,False,50,단독,0,1440,0,1440,24시간 이용가능,,False,True,False,True,True,,,,,,,DC콤보 후보. 현장 진입·가용성·요금·좌표 확인 필요,01_raw_data/charging/서울시 소유 전기차 충전소 정보.csv
seoul_owned_수서역 공영주차장 복합충전소_1,286,수서역 공영주차장 복합충전소,서울시,서울특별시,강남구,"서울특별시 강남구 광평로47길 28 (수서동, 수서역 공영주차장) 지상1층 정면 10M지점",주차시설,공영주차장,DC콤보,True,False,200,동시,0,1440,0,1440,24시간 이용가능,,False,True,False,True,True,,,,,,,DC콤보 후보. 현장 진입·가용성·요금·좌표 확인 필요,01_raw_data/charging/서울시 소유 전기차 충전소 정보.csv
seoul_owned_수서역 공영주차장 복합충전소_2,287,수서역 공영주차장 복합충전소,서울시,서울특별시,강남구,"서울특별시 강남구 광평로47길 28 (수서동, 수서역 공영주차장) 지상1층 정면 10M지점",주차시설,공영주차장,DC콤보,True,False,200,동시,0,1440,0,1440,24시간 이용가능,,False,True,False,True,True,,,,,,,DC콤보 후보. 현장 진입·가용성·요금·좌표 확인 필요,01_raw_data/charging/서울시 소유 전기차 충전소 정보.csv
seoul_owned_수서역 공영주차장 복합충전소_3,288,수서역 공영주차장 복합충전소,서울시,서울특별시,강남구,"서울특별시 강남구 광평로47길 28 (수서동, 수서역 공영주차장) 지상1층 정면 10M지점",주차시설,공영주차장,DC콤보,True,False,200,동시,0,1440,0,1440,24시간 이용가능,,False,True,False,True,True,,,,,,,DC콤보 후보. 현장 진입·가용성·요금·좌표 확인 필요,01_raw_data/charging/서울시 소유 전기차 충전소 정보.csv
seoul_owned_수서역 공영주차장 복합충전소_4,289,수서역 공영주차장 복합충전소,서울시,서울특별시,강남구,"서울특별시 강남구 광평로47길 28 (수서동, 수서역 공영주차장) 지상1층 정면 10M지점",주차시설,공영주차장,DC콤보,True,False,200,동시,0,1440,0,1440,24시간 이용가능,,False,True,False,True,True,,,,,,,DC콤보 후보. 현장 진입·가용성·요금·좌표 확인 필요,01_raw_data/charging/서울시 소유 전기차 충전소 정보.csv
seoul_owned_수서역 공영주차장 복합충전소_5,290,수서역 공영주차장 복합충전소,서울시,서울특별시,강남구,"서울특별시 강남구 광평로47길 28 (수서동, 수서역 공영주차장) 지상1층 정면 10M지점",주차시설,공영주차장,DC콤보,True,False,200,동시,0,1440,0,1440,24시간 이용가능,,False,True,False,True,True,,,,,,,DC콤보 후보. 현장 진입·가용성·요금·좌표 확인 필요,01_raw_data/charging/서울시 소유 전기차 충전소 정보.csv
seoul_owned_수서역 공영주차장 복합충전소_6,291,수서역 공영주차장 복합충전소,서울시,서울특별시,강남구,"서울특별시 강남구 광평로47길 28 (수서동, 수서역 공영주차장) 지상1층 정면 10M지점",주차시설,공영주차장,DC콤보,True,False,200,동시,0,1440,0,1440,24시간 이용가능,,False,True,False,True,True,,,,,,,DC콤보 후보. 현장 진입·가용성·요금·좌표 확인 필요,01_raw_data/charging/서울시 소유 전기차 충전소 정보.csv
seoul_owned_수유동 가오천 공영주차장 전기차 충전소_1,292,수유동 가오천 공영주차장 전기차 충전소,서울시,서울특별시,강북구,서울특별시 강북구 한천로150길 20,주차시설,공영주차장,AC완속,False,True,7,단독,0,1440,0,1440,24시간 이용가능,,False,True,False,True,True,,,,,,,AC완속 물리 커넥터 규격·현장 진입 확인 필요,01_raw_data/charging/서울시 소유 전기차 충전소 정보.csv
seoul_owned_숭인도담공영주차장_1,293,숭인도담공영주차장,서울시,서울특별시,종로구,서울특별시 종로구 숭인동길 81 숭인도담공영주차장,주차시설,공영주차장,DC콤보,True,False,100,단독,0,1440,0,1440,24시간 이용가능,,False,True,False,True,True,,,,,,,DC콤보 후보. 현장 진입·가용성·요금·좌표 확인 필요,01_raw_data/charging/서울시 소유 전기차 충전소 정보.csv
seoul_owned_시립서부노인전문요양센터_1,294,시립서부노인전문요양센터,서울시,서울특별시,마포구,서울특별시 마포구 월드컵로36길 15 지상 주차장,공공시설,공공기관,AC완속,False,True,7,단독,0,1440,0,1440,24시간 이용가능,,False,True,False,True,True,,,,,,,AC완속 물리 커넥터 규격·현장 진입 확인 필요,01_raw_data/charging/서울시 소유 전기차 충전소 정보.csv
seoul_owned_신대방동 거주자우선주차장_1,295,신대방동 거주자우선주차장,서울시,서울특별시,동작구,서울특별시 동작구 시흥대로 596 가6번 구획,주차시설,일반주차장,DC콤보,True,False,50,단독,0,1440,0,1440,24시간 이용가능,,False,True,False,True,True,,,,,,,DC콤보 후보. 현장 진입·가용성·요금·좌표 확인 필요,01_raw_data/charging/서울시 소유 전기차 충전소 정보.csv
seoul_owned_신도림역 공영주차장 _1,296,신도림역 공영주차장,서울시,서울특별시,구로구,서울특별시 구로구 새말로 111 구로미래도서관 주차장,공공시설,공공기관,DC콤보,True,False,50,단독,0,1440,0,1440,24시간 이용가능,,False,True,False,True,True,,,,,,,DC콤보 후보. 현장 진입·가용성·요금·좌표 확인 필요,01_raw_data/charging/서울시 소유 전기차 충전소 정보.csv
seoul_owned_신도림역 공영주차장 _2,297,신도림역 공영주차장,서울시,서울특별시,구로구,서울특별시 구로구 새말로 111 구로미래도서관 주차장,공공시설,공공기관,DC콤보,True,False,50,단독,0,1440,0,1440,24시간 이용가능,,False,True,False,True,True,,,,,,,DC콤보 후보. 현장 진입·가용성·요금·좌표 확인 필요,01_raw_data/charging/서울시 소유 전기차 충전소 정보.csv
seoul_owned_신사1동 공동주차장 _1,298,신사1동 공동주차장,서울시,서울특별시,은평구,서울특별시 은평구 신사동 23-16,공공시설,지자체시설,DC콤보,True,False,100,단독,480,1140,540,1080,"주중 08:00~19:00, 주말 09:00~18:00",,False,True,False,True,True,,,,,,,DC콤보 후보. 현장 진입·가용성·요금·좌표 확인 필요,01_raw_data/charging/서울시 소유 전기차 충전소 정보.csv
seoul_owned_신사1동 공동주차장 _2,299,신사1동 공동주차장,서울시,서울특별시,은평구,서울특별시 은평구 신사동 23-16,공공시설,지자체시설,DC콤보,True,False,100,단독,480,1140,540,1080,"주중 08:00~19:00, 주말 09:00~18:00",,False,True,False,True,True,,,,,,,DC콤보 후보. 현장 진입·가용성·요금·좌표 확인 필요,01_raw_data/charging/서울시 소유 전기차 충전소 정보.csv
seoul_owned_신월5동 복개 노상공영주차장_1,300,신월5동 복개 노상공영주차장,서울시,서울특별시,양천구,서울특별시 양천구 남부순환로 331 메디힐병원 뒤 요금정산소 인근,주차시설,공영주차장,DC콤보,True,False,50,단독,0,1440,0,1440,24시간 이용가능,,False,True,False,True,True,,,,,,,DC콤보 후보. 현장 진입·가용성·요금·좌표 확인 필요,01_raw_data/charging/서울시 소유 전기차 충전소 정보.csv
seoul_owned_신정4동길 노상공영주차장_1,301,신정4동길 노상공영주차장,서울시,서울특별시,양천구,서울특별시 양천구 신정중앙로 35 쌍용자동차 앞,주차시설,공영주차장,DC콤보,True,False,50,단독,0,1440,0,1440,24시간 이용가능,,False,True,False,True,True,,,,,,,DC콤보 후보. 현장 진입·가용성·요금·좌표 확인 필요,01_raw_data/charging/서울시 소유 전기차 충전소 정보.csv
seoul_owned_신정4동길 노상공영주차장_2,302,신정4동길 노상공영주차장,서울시,서울특별시,양천구,서울특별시 양천구 신정중앙로 35 쌍용자동차 앞,주차시설,공영주차장,DC콤보,True,False,50,단독,0,1440,0,1440,24시간 이용가능,,False,True,False,True,True,,,,,,,DC콤보 후보. 현장 진입·가용성·요금·좌표 확인 필요,01_raw_data/charging/서울시 소유 전기차 충전소 정보.csv
seoul_owned_신창동 공영주차장_1,303,신창동 공영주차장,서울시,서울특별시,용산구,서울특별시 용산구 원효로35길 53 신창동 공영주차장,주차시설,공영주차장,DC콤보,True,False,100,단독,0,1440,0,1440,24시간 이용가능,,False,True,False,True,True,,,,,,,DC콤보 후보. 현장 진입·가용성·요금·좌표 확인 필요,01_raw_data/charging/서울시 소유 전기차 충전소 정보.csv
seoul_owned_아현2구역 공영주차장_1,304,아현2구역 공영주차장,서울시,서울특별시,마포구,서울특별시 마포구 신촌로28길 29,공공시설,공공기관,DC콤보,True,False,50,단독,0,1440,0,1440,24시간 이용가능,,False,True,False,True,True,,,,,,,DC콤보 후보. 현장 진입·가용성·요금·좌표 확인 필요,01_raw_data/charging/서울시 소유 전기차 충전소 정보.csv
seoul_owned_아현2구역 공영주차장_2,305,아현2구역 공영주차장,서울시,서울특별시,마포구,서울특별시 마포구 신촌로28길 29,공공시설,공공기관,DC콤보,True,False,50,단독,0,1440,0,1440,24시간 이용가능,,False,True,False,True,True,,,,,,,DC콤보 후보. 현장 진입·가용성·요금·좌표 확인 필요,01_raw_data/charging/서울시 소유 전기차 충전소 정보.csv
seoul_owned_아현2구역 공영주차장_3,306,아현2구역 공영주차장,서울시,서울특별시,마포구,서울특별시 마포구 신촌로28길 29,공공시설,공공기관,DC콤보,True,False,50,단독,0,1440,0,1440,24시간 이용가능,,False,True,False,True,True,,,,,,,DC콤보 후보. 현장 진입·가용성·요금·좌표 확인 필요,01_raw_data/charging/서울시 소유 전기차 충전소 정보.csv
seoul_owned_아현2구역 공영주차장_4,307,아현2구역 공영주차장,서울시,서울특별시,마포구,서울특별시 마포구 신촌로28길 29,공공시설,공공기관,DC콤보,True,False,50,단독,0,1440,0,1440,24시간 이용가능,,False,True,False,True,True,,,,,,,DC콤보 후보. 현장 진입·가용성·요금·좌표 확인 필요,01_raw_data/charging/서울시 소유 전기차 충전소 정보.csv
seoul_owned_아현2구역 공영주차장_5,308,아현2구역 공영주차장,서울시,서울특별시,마포구,서울특별시 마포구 신촌로28길 29,공공시설,공공기관,DC콤보,True,False,50,단독,0,1440,0,1440,24시간 이용가능,,False,True,False,True,True,,,,,,,DC콤보 후보. 현장 진입·가용성·요금·좌표 확인 필요,01_raw_data/charging/서울시 소유 전기차 충전소 정보.csv
seoul_owned_아현2구역 공영주차장_6,309,아현2구역 공영주차장,서울시,서울특별시,마포구,서울특별시 마포구 신촌로28길 29,공공시설,공공기관,DC콤보,True,False,50,단독,0,1440,0,1440,24시간 이용가능,,False,True,False,True,True,,,,,,,DC콤보 후보. 현장 진입·가용성·요금·좌표 확인 필요,01_raw_data/charging/서울시 소유 전기차 충전소 정보.csv
seoul_owned_아현2구역 공영주차장_7,310,아현2구역 공영주차장,서울시,서울특별시,마포구,서울특별시 마포구 신촌로28길 29,공공시설,공공기관,DC콤보,True,False,50,단독,0,1440,0,1440,24시간 이용가능,,False,True,False,True,True,,,,,,,DC콤보 후보. 현장 진입·가용성·요금·좌표 확인 필요,01_raw_data/charging/서울시 소유 전기차 충전소 정보.csv
seoul_owned_앵봉산가족캠핑장_1,311,앵봉산가족캠핑장,서울시,서울특별시,은평구,서울특별시 은평구 통일로 1055,공공시설,지자체시설,DC콤보,True,False,100,단독,0,1440,0,1440,24시간 이용가능,,False,True,False,True,True,,,,,,,DC콤보 후보. 현장 진입·가용성·요금·좌표 확인 필요,01_raw_data/charging/서울시 소유 전기차 충전소 정보.csv
seoul_owned_앵봉산가족캠핑장_2,312,앵봉산가족캠핑장,서울시,서울특별시,은평구,서울특별시 은평구 통일로 1055,공공시설,지자체시설,DC콤보,True,False,100,단독,0,1440,0,1440,24시간 이용가능,,False,True,False,True,True,,,,,,,DC콤보 후보. 현장 진입·가용성·요금·좌표 확인 필요,01_raw_data/charging/서울시 소유 전기차 충전소 정보.csv
seoul_owned_양재솔라스테이션_1,313,양재솔라스테이션,서울시,서울특별시,서초구,"서울특별시 서초구 바우뫼로12길 73 (양재동, 양재솔라스테이션) 지상1층 진입로 오른쪽 5M 지점",주차시설,일반주차장,DC차데모+DC콤보,True,False,50,동시,0,1440,0,1440,24시간 이용가능,,False,True,False,True,True,,,,,,,DC콤보 후보. 현장 진입·가용성·요금·좌표 확인 필요,01_raw_data/charging/서울시 소유 전기차 충전소 정보.csv
seoul_owned_양재솔라스테이션_2,314,양재솔라스테이션,서울시,서울특별시,서초구,"서울특별시 서초구 바우뫼로12길 73 (양재동, 양재솔라스테이션) 지상1층 진입로 오른쪽 5M 지점",주차시설,일반주차장,DC차데모+DC콤보,True,False,50,동시,0,1440,0,1440,24시간 이용가능,,False,True,False,True,True,,,,,,,DC콤보 후보. 현장 진입·가용성·요금·좌표 확인 필요,01_raw_data/charging/서울시 소유 전기차 충전소 정보.csv
seoul_owned_양재솔라스테이션_3,315,양재솔라스테이션,서울시,서울특별시,서초구,"서울특별시 서초구 바우뫼로12길 73 (양재동, 양재솔라스테이션) 지상1층 진입로 오른쪽 5M 지점",주차시설,일반주차장,DC차데모+DC콤보,True,False,50,동시,0,1440,0,1440,24시간 이용가능,,False,True,False,True,True,,,,,,,DC콤보 후보. 현장 진입·가용성·요금·좌표 확인 필요,01_raw_data/charging/서울시 소유 전기차 충전소 정보.csv
seoul_owned_양재솔라스테이션_4,316,양재솔라스테이션,서울시,서울특별시,서초구,"서울특별시 서초구 바우뫼로12길 73 (양재동, 양재솔라스테이션) 지상1층 진입로 오른쪽 5M 지점",주차시설,일반주차장,DC차데모+DC콤보,True,False,50,동시,0,1440,0,1440,24시간 이용가능,,False,True,False,True,True,,,,,,,DC콤보 후보. 현장 진입·가용성·요금·좌표 확인 필요,01_raw_data/charging/서울시 소유 전기차 충전소 정보.csv
seoul_owned_양재솔라스테이션_5,317,양재솔라스테이션,서울시,서울특별시,서초구,"서울특별시 서초구 바우뫼로12길 73 (양재동, 양재솔라스테이션) 지상1층 진입로 오른쪽 5M 지점",주차시설,일반주차장,DC차데모+DC콤보,True,False,50,동시,0,1440,0,1440,24시간 이용가능,,False,True,False,True,True,,,,,,,DC콤보 후보. 현장 진입·가용성·요금·좌표 확인 필요,01_raw_data/charging/서울시 소유 전기차 충전소 정보.csv
seoul_owned_양재솔라스테이션_6,318,양재솔라스테이션,서울시,서울특별시,서초구,"서울특별시 서초구 바우뫼로12길 73 (양재동, 양재솔라스테이션) 지상1층 진입로 오른쪽 5M 지점",주차시설,일반주차장,DC차데모+DC콤보,True,False,50,동시,0,1440,0,1440,24시간 이용가능,,False,True,False,True,True,,,,,,,DC콤보 후보. 현장 진입·가용성·요금·좌표 확인 필요,01_raw_data/charging/서울시 소유 전기차 충전소 정보.csv
seoul_owned_양재솔라스테이션_7,319,양재솔라스테이션,서울시,서울특별시,서초구,"서울특별시 서초구 바우뫼로12길 73 (양재동, 양재솔라스테이션) 지상1층 진입로 오른쪽 5M 지점",주차시설,일반주차장,DC콤보,True,False,50,동시,0,1440,0,1440,24시간 이용가능,,False,True,False,True,True,,,,,,,DC콤보 후보. 현장 진입·가용성·요금·좌표 확인 필요,01_raw_data/charging/서울시 소유 전기차 충전소 정보.csv
seoul_owned_양재솔라스테이션_8,320,양재솔라스테이션,서울시,서울특별시,서초구,"서울특별시 서초구 바우뫼로12길 73 (양재동, 양재솔라스테이션) 지상1층 진입로 오른쪽 5M 지점",주차시설,일반주차장,DC콤보,True,False,50,동시,0,1440,0,1440,24시간 이용가능,,False,True,False,True,True,,,,,,,DC콤보 후보. 현장 진입·가용성·요금·좌표 확인 필요,01_raw_data/charging/서울시 소유 전기차 충전소 정보.csv
seoul_owned_양재솔라스테이션_9,321,양재솔라스테이션,서울시,서울특별시,서초구,"서울특별시 서초구 바우뫼로12길 73 (양재동, 양재솔라스테이션) 지상1층 진입로 오른쪽 5M 지점",주차시설,일반주차장,DC콤보,True,False,50,동시,0,1440,0,1440,24시간 이용가능,,False,True,False,True,True,,,,,,,DC콤보 후보. 현장 진입·가용성·요금·좌표 확인 필요,01_raw_data/charging/서울시 소유 전기차 충전소 정보.csv
seoul_owned_양재솔라스테이션_10,322,양재솔라스테이션,서울시,서울특별시,서초구,"서울특별시 서초구 바우뫼로12길 73 (양재동, 양재솔라스테이션) 지상1층 진입로 오른쪽 5M 지점",주차시설,일반주차장,DC콤보,True,False,50,동시,0,1440,0,1440,24시간 이용가능,,False,True,False,True,True,,,,,,,DC콤보 후보. 현장 진입·가용성·요금·좌표 확인 필요,01_raw_data/charging/서울시 소유 전기차 충전소 정보.csv
seoul_owned_양재솔라스테이션_11,323,양재솔라스테이션,서울시,서울특별시,서초구,"서울특별시 서초구 바우뫼로12길 73 (양재동, 양재솔라스테이션) 지상1층 진입로 오른쪽 5M 지점",주차시설,일반주차장,DC콤보,True,False,100,동시,0,1440,0,1440,24시간 이용가능,,False,True,False,True,True,,,,,,,DC콤보 후보. 현장 진입·가용성·요금·좌표 확인 필요,01_raw_data/charging/서울시 소유 전기차 충전소 정보.csv
seoul_owned_양재솔라스테이션_12,324,양재솔라스테이션,서울시,서울특별시,서초구,"서울특별시 서초구 바우뫼로12길 73 (양재동, 양재솔라스테이션) 지상1층 진입로 오른쪽 5M 지점",주차시설,일반주차장,DC콤보,True,False,100,동시,0,1440,0,1440,24시간 이용가능,,False,True,False,True,True,,,,,,,DC콤보 후보. 현장 진입·가용성·요금·좌표 확인 필요,01_raw_data/charging/서울시 소유 전기차 충전소 정보.csv
seoul_owned_양천구민체육센터_1,325,양천구민체육센터,서울시,서울특별시,양천구,서울특별시 양천구 목동동로 87,공공시설,지자체시설,DC콤보,True,False,100,동시,0,1440,0,1440,24시간 이용가능,,False,True,False,True,True,,,,,,,DC콤보 후보. 현장 진입·가용성·요금·좌표 확인 필요,01_raw_data/charging/서울시 소유 전기차 충전소 정보.csv
seoul_owned_양천구민체육센터_2,326,양천구민체육센터,서울시,서울특별시,양천구,서울특별시 양천구 목동동로 87,공공시설,지자체시설,DC콤보,True,False,100,동시,0,1440,0,1440,24시간 이용가능,,False,True,False,True,True,,,,,,,DC콤보 후보. 현장 진입·가용성·요금·좌표 확인 필요,01_raw_data/charging/서울시 소유 전기차 충전소 정보.csv
seoul_owned_양천구청_1,327,양천구청,서울시,서울특별시,양천구,"서울특별시 양천구 목동동로 105 (신정동, 양천구청) 지상1층 진입로 우측 10M 지점",공공시설,관공서,DC차데모+AC3상+DC콤보,True,False,50,단독,0,1440,0,1440,24시간 이용가능,,False,True,False,True,True,,,,,,,DC콤보 후보. 현장 진입·가용성·요금·좌표 확인 필요,01_raw_data/charging/서울시 소유 전기차 충전소 정보.csv
seoul_owned_어린이대공원 구의문 주차장 복합충전소_1,328,어린이대공원 구의문 주차장 복합충전소,서울시,서울특별시,광진구,"서울특별시 광진구 능동로 216 (능동, 어린이대공원 구의문공영주차장) 지상1층 진입로 정면 10M지점",주차시설,공영주차장,DC콤보,True,False,200,동시,0,1440,0,1440,24시간 이용가능,,False,True,False,True,True,,,,,,,DC콤보 후보. 현장 진입·가용성·요금·좌표 확인 필요,01_raw_data/charging/서울시 소유 전기차 충전소 정보.csv
seoul_owned_어린이대공원 구의문 주차장 복합충전소_2,329,어린이대공원 구의문 주차장 복합충전소,서울시,서울특별시,광진구,"서울특별시 광진구 능동로 216 (능동, 어린이대공원 구의문공영주차장) 지상1층 진입로 정면 10M지점",주차시설,공영주차장,DC콤보,True,False,200,동시,0,1440,0,1440,24시간 이용가능,,False,True,False,True,True,,,,,,,DC콤보 후보. 현장 진입·가용성·요금·좌표 확인 필요,01_raw_data/charging/서울시 소유 전기차 충전소 정보.csv
seoul_owned_어린이대공원 구의문 주차장 복합충전소_3,330,어린이대공원 구의문 주차장 복합충전소,서울시,서울특별시,광진구,"서울특별시 광진구 능동로 216 (능동, 어린이대공원 구의문공영주차장) 지상1층 진입로 정면 10M지점",주차시설,공영주차장,DC콤보,True,False,200,동시,0,1440,0,1440,24시간 이용가능,,False,True,False,True,True,,,,,,,DC콤보 후보. 현장 진입·가용성·요금·좌표 확인 필요,01_raw_data/charging/서울시 소유 전기차 충전소 정보.csv
seoul_owned_어린이대공원 구의문 주차장 복합충전소_4,331,어린이대공원 구의문 주차장 복합충전소,서울시,서울특별시,광진구,"서울특별시 광진구 능동로 216 (능동, 어린이대공원 구의문공영주차장) 지상1층 진입로 정면 10M지점",주차시설,공영주차장,DC콤보,True,False,200,동시,0,1440,0,1440,24시간 이용가능,,False,True,False,True,True,,,,,,,DC콤보 후보. 현장 진입·가용성·요금·좌표 확인 필요,01_raw_data/charging/서울시 소유 전기차 충전소 정보.csv
seoul_owned_어린이대공원 구의문 주차장 복합충전소_5,332,어린이대공원 구의문 주차장 복합충전소,서울시,서울특별시,광진구,"서울특별시 광진구 능동로 216 (능동, 어린이대공원 구의문공영주차장) 지상1층 진입로 정면 10M지점",주차시설,공영주차장,DC콤보,True,False,200,동시,0,1440,0,1440,24시간 이용가능,,False,True,False,True,True,,,,,,,DC콤보 후보. 현장 진입·가용성·요금·좌표 확인 필요,01_raw_data/charging/서울시 소유 전기차 충전소 정보.csv
seoul_owned_어린이대공원 구의문 주차장 복합충전소_6,333,어린이대공원 구의문 주차장 복합충전소,서울시,서울특별시,광진구,"서울특별시 광진구 능동로 216 (능동, 어린이대공원 구의문공영주차장) 지상1층 진입로 정면 10M지점",주차시설,공영주차장,DC콤보,True,False,200,동시,0,1440,0,1440,24시간 이용가능,,False,True,False,True,True,,,,,,,DC콤보 후보. 현장 진입·가용성·요금·좌표 확인 필요,01_raw_data/charging/서울시 소유 전기차 충전소 정보.csv
seoul_owned_어린이대공원 후문주차장_1,334,어린이대공원 후문주차장,서울시,서울특별시,광진구,서울특별시 광진구 능동로 216 (서울특별시 광진구 천호대로124길 11 전기차충전소),주차시설,공영주차장,DC콤보,True,False,50,단독,480,1140,540,1080,"주중 08:00~19:00, 주말 09:00~18:00",,False,True,False,True,True,,,,,,,DC콤보 후보. 현장 진입·가용성·요금·좌표 확인 필요,01_raw_data/charging/서울시 소유 전기차 충전소 정보.csv
seoul_owned_여의도 KBS홀 앞 전기차 충전소_1,335,여의도 KBS홀 앞 전기차 충전소,서울시,서울특별시,영등포구,서울특별시 영등포구 여의공원로 13 kBS홀 앞 전기차 충전소,주차시설,공영주차장,DC콤보,True,False,50,단독,0,1440,0,1440,24시간 이용가능,,False,True,False,True,True,,,,,,,DC콤보 후보. 현장 진입·가용성·요금·좌표 확인 필요,01_raw_data/charging/서울시 소유 전기차 충전소 정보.csv
seoul_owned_여의도 KBS홀 앞 전기차 충전소_2,336,여의도 KBS홀 앞 전기차 충전소,서울시,서울특별시,영등포구,서울특별시 영등포구 여의공원로 13 kBS홀 앞 전기차 충전소,주차시설,공영주차장,AC완속,False,True,7,단독,0,1440,0,1440,24시간 이용가능,,False,True,False,True,True,,,,,,,AC완속 물리 커넥터 규격·현장 진입 확인 필요,01_raw_data/charging/서울시 소유 전기차 충전소 정보.csv
seoul_owned_여의도 KBS홀 앞 전기차 충전소_3,337,여의도 KBS홀 앞 전기차 충전소,서울시,서울특별시,영등포구,서울특별시 영등포구 여의공원로 13 kBS홀 앞 전기차 충전소,주차시설,공영주차장,AC완속,False,True,7,단독,0,1440,0,1440,24시간 이용가능,,False,True,False,True,True,,,,,,,AC완속 물리 커넥터 규격·현장 진입 확인 필요,01_raw_data/charging/서울시 소유 전기차 충전소 정보.csv
seoul_owned_여의서로 노상공영주차장_1,338,여의서로 노상공영주차장,서울시,서울특별시,영등포구,서울특별시 영등포구 의사당대로 1 국회1어린이집 인근(식물원 앞),주차시설,공영주차장,DC콤보,True,False,50,단독,0,1440,0,1440,24시간 이용가능,,False,True,False,True,True,,,,,,,DC콤보 후보. 현장 진입·가용성·요금·좌표 확인 필요,01_raw_data/charging/서울시 소유 전기차 충전소 정보.csv
seoul_owned_여의서로 노상공영주차장_2,339,여의서로 노상공영주차장,서울시,서울특별시,영등포구,서울특별시 영등포구 의사당대로 1 국회1어린이집 인근(식물원 앞),주차시설,공영주차장,DC콤보,True,False,50,단독,0,1440,0,1440,24시간 이용가능,,False,True,False,True,True,,,,,,,DC콤보 후보. 현장 진입·가용성·요금·좌표 확인 필요,01_raw_data/charging/서울시 소유 전기차 충전소 정보.csv
seoul_owned_연남동 공영주차장_1,340,연남동 공영주차장,서울시,서울특별시,마포구,서울특별시 마포구 연남로 84 지상 1층,공공시설,공공기관,DC콤보,True,False,100,단독,0,1440,0,1440,24시간 이용가능,,False,True,False,True,True,,,,,,,DC콤보 후보. 현장 진입·가용성·요금·좌표 확인 필요,01_raw_data/charging/서울시 소유 전기차 충전소 정보.csv
seoul_owned_연남동 공영주차장_2,341,연남동 공영주차장,서울시,서울특별시,마포구,서울특별시 마포구 연남로 84 지상 1층,공공시설,공공기관,DC콤보,True,False,100,단독,0,1440,0,1440,24시간 이용가능,,False,True,False,True,True,,,,,,,DC콤보 후보. 현장 진입·가용성·요금·좌표 확인 필요,01_raw_data/charging/서울시 소유 전기차 충전소 정보.csv
seoul_owned_연남동 공영주차장_3,342,연남동 공영주차장,서울시,서울특별시,마포구,서울특별시 마포구 연남로 84 지상 1층,공공시설,공공기관,DC콤보,True,False,100,단독,0,1440,0,1440,24시간 이용가능,,False,True,False,True,True,,,,,,,DC콤보 후보. 현장 진입·가용성·요금·좌표 확인 필요,01_raw_data/charging/서울시 소유 전기차 충전소 정보.csv
seoul_owned_연남동 공영주차장_4,343,연남동 공영주차장,서울시,서울특별시,마포구,서울특별시 마포구 연남로 84 지상 1층,공공시설,공공기관,DC콤보,True,False,100,단독,0,1440,0,1440,24시간 이용가능,,False,True,False,True,True,,,,,,,DC콤보 후보. 현장 진입·가용성·요금·좌표 확인 필요,01_raw_data/charging/서울시 소유 전기차 충전소 정보.csv
seoul_owned_연희동 거주자우선주차장_1,344,연희동 거주자우선주차장,서울시,서울특별시,서대문구,서울특별시 서대문구 연희동 736 거주자우선주차장 32-10 구획,주차시설,일반주차장,DC콤보,True,False,50,단독,0,1440,0,1440,24시간 이용가능,,False,True,False,True,True,,,,,,,DC콤보 후보. 현장 진입·가용성·요금·좌표 확인 필요,01_raw_data/charging/서울시 소유 전기차 충전소 정보.csv
seoul_owned_연희제2공영주차장_1,345,연희제2공영주차장,서울시,서울특별시,서대문구,서울특별시 서대문구 연희로15길 113 연희제2공영주차장,공공시설,지자체시설,DC콤보,True,False,100,단독,0,1440,0,1440,24시간 이용가능,,False,True,False,True,True,,,,,,,DC콤보 후보. 현장 진입·가용성·요금·좌표 확인 필요,01_raw_data/charging/서울시 소유 전기차 충전소 정보.csv
seoul_owned_연희제2공영주차장_2,346,연희제2공영주차장,서울시,서울특별시,서대문구,서울특별시 서대문구 연희로15길 113 연희제2공영주차장,공공시설,지자체시설,DC콤보,True,False,100,단독,0,1440,0,1440,24시간 이용가능,,False,True,False,True,True,,,,,,,DC콤보 후보. 현장 진입·가용성·요금·좌표 확인 필요,01_raw_data/charging/서울시 소유 전기차 충전소 정보.csv
seoul_owned_영동대로85길 노상공영주차장(대명중학교 뒤)_1,347,영동대로85길 노상공영주차장(대명중학교 뒤),서울시,서울특별시,강남구,서울특별시 강남구 테헤란로88길 17,주차시설,공영주차장,DC콤보,True,False,50,단독,0,1440,0,1440,24시간 이용가능,,False,True,False,True,True,,,,,,,DC콤보 후보. 현장 진입·가용성·요금·좌표 확인 필요,01_raw_data/charging/서울시 소유 전기차 충전소 정보.csv
seoul_owned_영동대로85길 노상공영주차장(요금정산소 옆)_1,348,영동대로85길 노상공영주차장(요금정산소 옆),서울시,서울특별시,강남구,서울특별시 강남구 삼성로86길 23,주차시설,공영주차장,DC콤보,True,False,50,단독,0,1440,0,1440,24시간 이용가능,,False,True,False,True,True,,,,,,,DC콤보 후보. 현장 진입·가용성·요금·좌표 확인 필요,01_raw_data/charging/서울시 소유 전기차 충전소 정보.csv
seoul_owned_오목교역 노상공영주차장_1,349,오목교역 노상공영주차장,서울시,서울특별시,양천구,서울특별시 양천구 목동서로 159-3,주차시설,공영주차장,DC콤보,True,False,50,단독,0,1440,0,1440,24시간 이용가능,,False,True,False,True,True,,,,,,,DC콤보 후보. 현장 진입·가용성·요금·좌표 확인 필요,01_raw_data/charging/서울시 소유 전기차 충전소 정보.csv
seoul_owned_올림픽기념국민생활관_1,350,올림픽기념국민생활관,서울시,서울특별시,종로구,서울특별시 종로구 성균관로 91 올림픽기념국민생활관,공공시설,지자체시설,AC완속,False,True,7,단독,0,1440,0,1440,24시간 이용가능,,False,True,False,True,True,,,,,,,AC완속 물리 커넥터 규격·현장 진입 확인 필요,01_raw_data/charging/서울시 소유 전기차 충전소 정보.csv
seoul_owned_올림픽기념국민생활관_2,351,올림픽기념국민생활관,서울시,서울특별시,종로구,서울특별시 종로구 성균관로 91 올림픽기념국민생활관,공공시설,지자체시설,AC완속,False,True,7,단독,0,1440,0,1440,24시간 이용가능,,False,True,False,True,True,,,,,,,AC완속 물리 커넥터 규격·현장 진입 확인 필요,01_raw_data/charging/서울시 소유 전기차 충전소 정보.csv
seoul_owned_올림픽기념국민생활관_3,352,올림픽기념국민생활관,서울시,서울특별시,종로구,서울특별시 종로구 성균관로 91 올림픽기념국민생활관,공공시설,지자체시설,AC완속,False,True,7,단독,0,1440,0,1440,24시간 이용가능,,False,True,False,True,True,,,,,,,AC완속 물리 커넥터 규격·현장 진입 확인 필요,01_raw_data/charging/서울시 소유 전기차 충전소 정보.csv
seoul_owned_올림픽기념국민생활관_4,353,올림픽기념국민생활관,서울시,서울특별시,종로구,서울특별시 종로구 성균관로 91 올림픽기념국민생활관,공공시설,지자체시설,AC완속,False,True,7,단독,0,1440,0,1440,24시간 이용가능,,False,True,False,True,True,,,,,,,AC완속 물리 커넥터 규격·현장 진입 확인 필요,01_raw_data/charging/서울시 소유 전기차 충전소 정보.csv
seoul_owned_월계동 거주자주차장_1,354,월계동 거주자주차장,서울시,서울특별시,노원구,서울특별시 노원구 광운로 20 2-16 구획,주차시설,일반주차장,DC콤보,True,False,50,단독,0,1440,0,1440,24시간 이용가능,,False,True,False,True,True,,,,,,,DC콤보 후보. 현장 진입·가용성·요금·좌표 확인 필요,01_raw_data/charging/서울시 소유 전기차 충전소 정보.csv
seoul_owned_월계복지문화센터_1,355,월계복지문화센터,서울시,서울특별시,노원구,"서울 노원구 월계로42길 9(월계문화복지센터) (월계동, 월계문화복지센터) 지상 1층",공공시설,관공서,DC콤보,True,False,100,단독,0,1440,0,1440,24시간 이용가능,,False,True,False,True,True,,,,,,,DC콤보 후보. 현장 진입·가용성·요금·좌표 확인 필요,01_raw_data/charging/서울시 소유 전기차 충전소 정보.csv
seoul_owned_위례성길 공영주차장 전기차 충전소_1,356,위례성길 공영주차장 전기차 충전소,서울시,서울특별시,송파구,서울특별시 송파구 위례성대로 68,주차시설,공영주차장,DC콤보,True,False,50,단독,0,1440,0,1440,24시간 이용가능,,False,True,False,True,True,,,,,,,DC콤보 후보. 현장 진입·가용성·요금·좌표 확인 필요,01_raw_data/charging/서울시 소유 전기차 충전소 정보.csv
seoul_owned_위례성길 공영주차장 전기차 충전소_2,357,위례성길 공영주차장 전기차 충전소,서울시,서울특별시,송파구,서울특별시 송파구 위례성대로 68,주차시설,공영주차장,AC완속,False,True,7,단독,0,1440,0,1440,24시간 이용가능,,False,True,False,True,True,,,,,,,AC완속 물리 커넥터 규격·현장 진입 확인 필요,01_raw_data/charging/서울시 소유 전기차 충전소 정보.csv
seoul_owned_으뜸공원 공영주차장 전기차 충전소_1,358,으뜸공원 공영주차장 전기차 충전소,서울시,서울특별시,강북구,서울특별시 강북구 솔샘로67길 33 으뜸공원 공영주차장,주차시설,공영주차장,AC완속,False,True,7,단독,0,1440,0,1440,24시간 이용가능,,False,True,False,True,True,,,,,,,AC완속 물리 커넥터 규격·현장 진입 확인 필요,01_raw_data/charging/서울시 소유 전기차 충전소 정보.csv
seoul_owned_으뜸공원 주차장 _1,359,으뜸공원 주차장,서울시,서울특별시,관악구,서울특별시 관악구 신림로 21,공공시설,공공기관,DC콤보,True,False,50,단독,0,1440,0,1440,24시간 이용가능,,False,True,False,True,True,,,,,,,DC콤보 후보. 현장 진입·가용성·요금·좌표 확인 필요,01_raw_data/charging/서울시 소유 전기차 충전소 정보.csv
seoul_owned_으뜸공원 주차장 _2,360,으뜸공원 주차장,서울시,서울특별시,관악구,서울특별시 관악구 신림로 21,공공시설,공공기관,DC콤보,True,False,50,단독,0,1440,0,1440,24시간 이용가능,,False,True,False,True,True,,,,,,,DC콤보 후보. 현장 진입·가용성·요금·좌표 확인 필요,01_raw_data/charging/서울시 소유 전기차 충전소 정보.csv
seoul_owned_은평평화공원 지하공영주차장_1,361,은평평화공원 지하공영주차장,서울시,서울특별시,은평구,서울특별시 은평구 서오릉로 지하47 은평평화공원 지하공영주차장,주차시설,공영주차장,DC콤보,True,False,100,단독,0,1440,0,1440,24시간 이용가능,,False,True,False,True,True,,,,,,,DC콤보 후보. 현장 진입·가용성·요금·좌표 확인 필요,01_raw_data/charging/서울시 소유 전기차 충전소 정보.csv
seoul_owned_을지로 노상공영주차장(신한은행 앞)_1,362,을지로 노상공영주차장(신한은행 앞),서울시,서울특별시,중구,서울특별시 중구 을지로 213,주차시설,공영주차장,DC콤보,True,False,50,단독,0,1440,0,1440,24시간 이용가능,,False,True,False,True,True,,,,,,,DC콤보 후보. 현장 진입·가용성·요금·좌표 확인 필요,01_raw_data/charging/서울시 소유 전기차 충전소 정보.csv
seoul_owned_을지로 노상공영주차장(하나은행 앞)_1,363,을지로 노상공영주차장(하나은행 앞),서울시,서울특별시,중구,서울특별시 중구 을지로 167,주차시설,공영주차장,DC콤보,True,False,50,단독,0,1440,0,1440,24시간 이용가능,,False,True,False,True,True,,,,,,,DC콤보 후보. 현장 진입·가용성·요금·좌표 확인 필요,01_raw_data/charging/서울시 소유 전기차 충전소 정보.csv
seoul_owned_이문동 거주자우선주차장_1,364,이문동 거주자우선주차장,서울시,서울특별시,동대문구,서울특별시 동대문구 이문동 209-1 이문고가 인근,주차시설,일반주차장,DC콤보,True,False,50,단독,0,1440,0,1440,24시간 이용가능,,False,True,False,True,True,,,,,,,DC콤보 후보. 현장 진입·가용성·요금·좌표 확인 필요,01_raw_data/charging/서울시 소유 전기차 충전소 정보.csv
seoul_owned_자양우성1차아파트 앞 전기차 충전소_1,365,자양우성1차아파트 앞 전기차 충전소,서울시,서울특별시,광진구,서울특별시 광진구 자양번영로 45 노상공영주차장 유료 42번,주차시설,공영주차장,DC콤보,True,False,50,단독,0,1440,0,1440,24시간 이용가능,,False,True,False,True,True,,,,,,,DC콤보 후보. 현장 진입·가용성·요금·좌표 확인 필요,01_raw_data/charging/서울시 소유 전기차 충전소 정보.csv
seoul_owned_자양한양아파트 앞 전기차 충전소_1,366,자양한양아파트 앞 전기차 충전소,서울시,서울특별시,광진구,서울특별시 광진구 구의강변로 11 정문 앞 유료 48번,주차시설,공영주차장,DC콤보,True,False,50,단독,0,1440,0,1440,24시간 이용가능,,False,True,False,True,True,,,,,,,DC콤보 후보. 현장 진입·가용성·요금·좌표 확인 필요,01_raw_data/charging/서울시 소유 전기차 충전소 정보.csv
seoul_owned_잠실 청소년센터 앞 전기차 충전소_1,367,잠실 청소년센터 앞 전기차 충전소,서울시,서울특별시,송파구,서울특별시 송파구 올림픽로8길 20 잠실 청소년센터,주차시설,공영주차장,DC콤보,True,False,50,단독,0,1440,0,1440,24시간 이용가능,,False,True,False,True,True,,,,,,,DC콤보 후보. 현장 진입·가용성·요금·좌표 확인 필요,01_raw_data/charging/서울시 소유 전기차 충전소 정보.csv
seoul_owned_장안동근린공원 지하주차장_1,368,장안동근린공원 지하주차장,서울시,서울특별시,동대문구,서울특별시 동대문구 장한로 191 장안동근린공원 지하주차장 지하1층,주차시설,공영주차장,DC콤보,True,False,100,동시,0,1440,0,1440,24시간 이용가능,,False,True,False,True,True,,,,,,,DC콤보 후보. 현장 진입·가용성·요금·좌표 확인 필요,01_raw_data/charging/서울시 소유 전기차 충전소 정보.csv
seoul_owned_장안동근린공원 지하주차장_2,369,장안동근린공원 지하주차장,서울시,서울특별시,동대문구,서울특별시 동대문구 장한로 191 장안동근린공원 지하주차장 지하1층,주차시설,공영주차장,DC콤보,True,False,100,동시,0,1440,0,1440,24시간 이용가능,,False,True,False,True,True,,,,,,,DC콤보 후보. 현장 진입·가용성·요금·좌표 확인 필요,01_raw_data/charging/서울시 소유 전기차 충전소 정보.csv
seoul_owned_정릉천변 노상공영주차장_1,370,정릉천변 노상공영주차장,서울시,서울특별시,동대문구,서울특별시 동대문구 정릉천동로 125-1,주차시설,공영주차장,DC콤보,True,False,50,단독,0,1440,0,1440,24시간 이용가능,,False,True,False,True,True,,,,,,,DC콤보 후보. 현장 진입·가용성·요금·좌표 확인 필요,01_raw_data/charging/서울시 소유 전기차 충전소 정보.csv
seoul_owned_제2월곡인조잔디구장_1,371,제2월곡인조잔디구장,서울시,서울특별시,성북구,서울특별시 성북구 장월로3길 51-80 제2월곡인조잔디구장 지하2층,공공시설,지자체시설,DC콤보,True,False,100,단독,0,1440,0,1440,24시간 이용가능,,False,True,False,True,True,,,,,,,DC콤보 후보. 현장 진입·가용성·요금·좌표 확인 필요,01_raw_data/charging/서울시 소유 전기차 충전소 정보.csv
seoul_owned_종로구구민회관_1,372,종로구구민회관,서울시,서울특별시,종로구,서울특별시 종로구 지봉로5길 7-5 종로구구민회관 뒷편 지상주차장,공공시설,지자체시설,DC콤보,True,False,100,단독,0,1440,0,1440,24시간 이용가능,,False,True,False,True,True,,,,,,,DC콤보 후보. 현장 진입·가용성·요금·좌표 확인 필요,01_raw_data/charging/서울시 소유 전기차 충전소 정보.csv
seoul_owned_중계근린공원 노상주차장_1,373,중계근린공원 노상주차장,서울시,서울특별시,노원구,서울특별시 노원구 동일로 1243 중계근린공원 노상주차장,공공시설,지자체시설,DC콤보,True,False,100,동시,0,1440,0,1440,24시간 이용가능,,False,True,False,True,True,,,,,,,DC콤보 후보. 현장 진입·가용성·요금·좌표 확인 필요,01_raw_data/charging/서울시 소유 전기차 충전소 정보.csv
seoul_owned_중계근린공원 노상주차장_2,374,중계근린공원 노상주차장,서울시,서울특별시,노원구,서울특별시 노원구 동일로 1243 중계근린공원 노상주차장,공공시설,지자체시설,DC콤보,True,False,100,동시,0,1440,0,1440,24시간 이용가능,,False,True,False,True,True,,,,,,,DC콤보 후보. 현장 진입·가용성·요금·좌표 확인 필요,01_raw_data/charging/서울시 소유 전기차 충전소 정보.csv
seoul_owned_중곡동 복개천 노상공영주차장(중곡동우체국 앞)_1,375,중곡동 복개천 노상공영주차장(중곡동우체국 앞),서울시,서울특별시,광진구,서울특별시 광진구 긴고랑로 66 중곡동우체국 앞,주차시설,공영주차장,DC콤보,True,False,50,단독,0,1440,0,1440,24시간 이용가능,,False,True,False,True,True,,,,,,,DC콤보 후보. 현장 진입·가용성·요금·좌표 확인 필요,01_raw_data/charging/서울시 소유 전기차 충전소 정보.csv
seoul_owned_중랑구시설관리공단 복합청사 주차장_1,376,중랑구시설관리공단 복합청사 주차장,서울시,서울특별시,중랑구,서울특별시 중랑구 봉화산로 190 지하1층,공공시설,관공서,AC완속,False,True,7,단독,540,1080,540,1080,09:00~18:00,,False,True,False,True,True,,,,,,,AC완속 물리 커넥터 규격·현장 진입 확인 필요,01_raw_data/charging/서울시 소유 전기차 충전소 정보.csv
seoul_owned_중랑구청_1,377,중랑구청,서울시,서울특별시,중랑구,"서울특별시 중랑구 봉화산로 179 (신내동, 중랑구청) 지하1층 19번 기둥",공공시설,관공서,DC콤보,True,False,100,동시,480,1140,540,1080,"주중 08:00~19:00, 주말 09:00~18:00",,False,True,False,True,True,,,,,,,DC콤보 후보. 현장 진입·가용성·요금·좌표 확인 필요,01_raw_data/charging/서울시 소유 전기차 충전소 정보.csv
seoul_owned_중랑구청_2,378,중랑구청,서울시,서울특별시,중랑구,"서울특별시 중랑구 봉화산로 179 (신내동, 중랑구청) 지하1층 19번 기둥",공공시설,관공서,DC콤보,True,False,100,동시,480,1140,540,1080,"주중 08:00~19:00, 주말 09:00~18:00",,False,True,False,True,True,,,,,,,DC콤보 후보. 현장 진입·가용성·요금·좌표 확인 필요,01_raw_data/charging/서울시 소유 전기차 충전소 정보.csv
seoul_owned_중랑천환경센터_1,379,중랑천환경센터,서울시,서울특별시,노원구,서울특별시 노원구 덕릉로 430 본관 주차장,공공시설,지자체시설,DC콤보,True,False,100,단독,0,1440,0,1440,24시간 이용가능,,False,True,False,True,True,,,,,,,DC콤보 후보. 현장 진입·가용성·요금·좌표 확인 필요,01_raw_data/charging/서울시 소유 전기차 충전소 정보.csv
seoul_owned_중랑천환경센터_2,380,중랑천환경센터,서울시,서울특별시,노원구,서울특별시 노원구 덕릉로 430 본관 주차장,공공시설,지자체시설,DC콤보,True,False,100,단독,0,1440,0,1440,24시간 이용가능,,False,True,False,True,True,,,,,,,DC콤보 후보. 현장 진입·가용성·요금·좌표 확인 필요,01_raw_data/charging/서울시 소유 전기차 충전소 정보.csv
seoul_owned_중랑초교 공영주차장_1,381,중랑초교 공영주차장,서울시,서울특별시,중랑구,서울특별시 중랑구 봉우재로6길 26 중랑초교 공영주차장,공공시설,지자체시설,AC완속,False,True,7,단독,0,1440,0,1440,24시간 이용가능,,False,True,False,True,True,,,,,,,AC완속 물리 커넥터 규격·현장 진입 확인 필요,01_raw_data/charging/서울시 소유 전기차 충전소 정보.csv
seoul_owned_중랑초교 공영주차장_2,382,중랑초교 공영주차장,서울시,서울특별시,중랑구,서울특별시 중랑구 봉우재로6길 26 중랑초교 공영주차장,공공시설,지자체시설,AC완속,False,True,7,단독,0,1440,0,1440,24시간 이용가능,,False,True,False,True,True,,,,,,,AC완속 물리 커넥터 규격·현장 진입 확인 필요,01_raw_data/charging/서울시 소유 전기차 충전소 정보.csv
seoul_owned_중랑초교 공영주차장_3,383,중랑초교 공영주차장,서울시,서울특별시,중랑구,서울특별시 중랑구 봉우재로6길 26 중랑초교 공영주차장,공공시설,지자체시설,DC콤보,True,False,100,단독,0,1440,0,1440,24시간 이용가능,,False,True,False,True,True,,,,,,,DC콤보 후보. 현장 진입·가용성·요금·좌표 확인 필요,01_raw_data/charging/서울시 소유 전기차 충전소 정보.csv
seoul_owned_중랑초교 공영주차장_4,384,중랑초교 공영주차장,서울시,서울특별시,중랑구,서울특별시 중랑구 봉우재로6길 26 중랑초교 공영주차장,공공시설,지자체시설,AC완속,False,True,100,단독,0,1440,0,1440,24시간 이용가능,,False,True,True,True,False,,,,,,,원자료 충전기타입·출력분류 충돌,01_raw_data/charging/서울시 소유 전기차 충전소 정보.csv
seoul_owned_중랑캠핑숲 제1주차장_1,385,중랑캠핑숲 제1주차장,서울시,서울특별시,중랑구,서울특별시 중랑구 송림길 160 주차장 입구 좌측,주차시설,공영주차장,AC완속,False,True,7,단독,0,1440,0,1440,24시간 이용가능,,False,True,False,True,True,,,,,,,AC완속 물리 커넥터 규격·현장 진입 확인 필요,01_raw_data/charging/서울시 소유 전기차 충전소 정보.csv
seoul_owned_중랑캠핑숲 제1주차장_2,386,중랑캠핑숲 제1주차장,서울시,서울특별시,중랑구,서울특별시 중랑구 송림길 160 주차장 입구 좌측,주차시설,공영주차장,DC콤보,True,False,100,동시,0,1440,0,1440,24시간 이용가능,,False,True,False,True,True,,,,,,,DC콤보 후보. 현장 진입·가용성·요금·좌표 확인 필요,01_raw_data/charging/서울시 소유 전기차 충전소 정보.csv
seoul_owned_중랑캠핑숲 제1주차장_3,387,중랑캠핑숲 제1주차장,서울시,서울특별시,중랑구,서울특별시 중랑구 송림길 160 주차장 입구 좌측,주차시설,공영주차장,DC콤보,True,False,100,동시,0,1440,0,1440,24시간 이용가능,,False,True,False,True,True,,,,,,,DC콤보 후보. 현장 진입·가용성·요금·좌표 확인 필요,01_raw_data/charging/서울시 소유 전기차 충전소 정보.csv
seoul_owned_중랑캠핑숲 제1주차장_4,388,중랑캠핑숲 제1주차장,서울시,서울특별시,중랑구,서울특별시 중랑구 송림길 160 주차장 입구 좌측,주차시설,공영주차장,DC콤보,True,False,100,동시,0,1440,0,1440,24시간 이용가능,,False,True,False,True,True,,,,,,,DC콤보 후보. 현장 진입·가용성·요금·좌표 확인 필요,01_raw_data/charging/서울시 소유 전기차 충전소 정보.csv
seoul_owned_중랑캠핑숲 제1주차장_5,389,중랑캠핑숲 제1주차장,서울시,서울특별시,중랑구,서울특별시 중랑구 송림길 160 주차장 입구 좌측,주차시설,공영주차장,DC콤보,True,False,100,단독,0,1440,0,1440,24시간 이용가능,,False,True,False,True,True,,,,,,,DC콤보 후보. 현장 진입·가용성·요금·좌표 확인 필요,01_raw_data/charging/서울시 소유 전기차 충전소 정보.csv
seoul_owned_창2동 제4공영주차장_1,390,창2동 제4공영주차장,서울시,서울특별시,도봉구,서울특별시 도봉구 덕릉로59길 63 지상 48-638 구획,주차시설,공영주차장,DC콤보,True,False,50,단독,0,1440,0,1440,24시간 이용가능,,False,True,False,True,True,,,,,,,DC콤보 후보. 현장 진입·가용성·요금·좌표 확인 필요,01_raw_data/charging/서울시 소유 전기차 충전소 정보.csv
seoul_owned_창3동 제1공영주차장_1,391,창3동 제1공영주차장,서울시,서울특별시,도봉구,서울특별시 도봉구 우이천로4길 24-11 지하,주차시설,공영주차장,DC콤보,True,False,50,단독,0,1440,0,1440,24시간 이용가능,,False,True,False,True,True,,,,,,,DC콤보 후보. 현장 진입·가용성·요금·좌표 확인 필요,01_raw_data/charging/서울시 소유 전기차 충전소 정보.csv
seoul_owned_창동역 공영주차장_1,392,창동역 공영주차장,서울시,서울특별시,도봉구,"서울특별시 도봉구 마들로11길 74 (창동, 창동역공영주차장) 지상1층 진입로 오른쪽 10M",주차시설,공영주차장,DC콤보,True,False,50,단독,0,1440,0,1440,24시간 이용가능,02-901-5100에 출입 요청 후 사용가능,True,True,False,True,True,,,,,,,DC콤보 후보. 현장 진입·가용성·요금·좌표 확인 필요,01_raw_data/charging/서울시 소유 전기차 충전소 정보.csv
seoul_owned_천왕산가족캠핑장_1,393,천왕산가족캠핑장,서울시,서울특별시,구로구,서울특별시 구로구 연동로12길 149,공공시설,공공기관,DC콤보,True,False,100,단독,0,1440,0,1440,24시간 이용가능,,False,True,False,True,True,,,,,,,DC콤보 후보. 현장 진입·가용성·요금·좌표 확인 필요,01_raw_data/charging/서울시 소유 전기차 충전소 정보.csv
seoul_owned_천왕산가족캠핑장_2,394,천왕산가족캠핑장,서울시,서울특별시,구로구,서울특별시 구로구 연동로12길 149,공공시설,공공기관,DC콤보,True,False,100,단독,0,1440,0,1440,24시간 이용가능,,False,True,False,True,True,,,,,,,DC콤보 후보. 현장 진입·가용성·요금·좌표 확인 필요,01_raw_data/charging/서울시 소유 전기차 충전소 정보.csv
seoul_owned_천호역 공영주차장_1,395,천호역 공영주차장,서울시,서울특별시,강동구,"서울특별시 강동구 천호대로 지하997 (천호동, 천호역공영주차장) 지하1층 A37번 기둥",주차시설,공영주차장,DC차데모+AC3상+DC콤보,True,False,50,단독,0,1440,0,1440,24시간 이용가능,,False,True,False,True,True,,,,,,,DC콤보 후보. 현장 진입·가용성·요금·좌표 확인 필요,01_raw_data/charging/서울시 소유 전기차 충전소 정보.csv
seoul_owned_청계3 노상공영주차장(고려상사 앞)_1,396,청계3 노상공영주차장(고려상사 앞),서울시,서울특별시,중구,서울특별시 중구 동호로 377,주차시설,공영주차장,DC콤보,True,False,50,단독,0,1440,0,1440,24시간 이용가능,,False,True,False,True,True,,,,,,,DC콤보 후보. 현장 진입·가용성·요금·좌표 확인 필요,01_raw_data/charging/서울시 소유 전기차 충전소 정보.csv
seoul_owned_청계3 노상공영주차장(코리아몰 앞)_1,397,청계3 노상공영주차장(코리아몰 앞),서울시,서울특별시,중구,서울특별시 중구 동호로 지하384,주차시설,공영주차장,DC콤보,True,False,50,단독,0,1440,0,1440,24시간 이용가능,,False,True,False,True,True,,,,,,,DC콤보 후보. 현장 진입·가용성·요금·좌표 확인 필요,01_raw_data/charging/서울시 소유 전기차 충전소 정보.csv
seoul_owned_청계5 노상공영주차장_1,398,청계5 노상공영주차장,서울시,서울특별시,중구,서울특별시 중구 동호로 378-2 지하상가 입구 인근,주차시설,공영주차장,DC콤보,True,False,50,단독,0,1440,0,1440,24시간 이용가능,,False,True,False,True,True,,,,,,,DC콤보 후보. 현장 진입·가용성·요금·좌표 확인 필요,01_raw_data/charging/서울시 소유 전기차 충전소 정보.csv
seoul_owned_청계5 노상공영주차장_2,399,청계5 노상공영주차장,서울시,서울특별시,중구,서울특별시 중구 동호로 378-2 지하상가 입구 인근,주차시설,공영주차장,DC콤보,True,False,50,단독,0,1440,0,1440,24시간 이용가능,,False,True,False,True,True,,,,,,,DC콤보 후보. 현장 진입·가용성·요금·좌표 확인 필요,01_raw_data/charging/서울시 소유 전기차 충전소 정보.csv
seoul_owned_청계8 노상공영주차장_1,400,청계8 노상공영주차장,서울시,서울특별시,성동구,서울특별시 성동구 청계천로 494,주차시설,공영주차장,DC콤보,True,False,50,단독,0,1440,0,1440,24시간 이용가능,,False,True,False,True,True,,,,,,,DC콤보 후보. 현장 진입·가용성·요금·좌표 확인 필요,01_raw_data/charging/서울시 소유 전기차 충전소 정보.csv
seoul_owned_청계8 노상공영주차장_2,401,청계8 노상공영주차장,서울시,서울특별시,성동구,서울특별시 성동구 청계천로 494,주차시설,공영주차장,DC콤보,True,False,50,단독,0,1440,0,1440,24시간 이용가능,,False,True,False,True,True,,,,,,,DC콤보 후보. 현장 진입·가용성·요금·좌표 확인 필요,01_raw_data/charging/서울시 소유 전기차 충전소 정보.csv
seoul_owned_청계8가 노상공영주차장_1,402,청계8가 노상공영주차장,서울시,서울특별시,중구,서울특별시 중구 흥인동 163-1,주차시설,공영주차장,DC콤보,True,False,50,단독,0,1440,0,1440,24시간 이용가능,,False,True,False,True,True,,,,,,,DC콤보 후보. 현장 진입·가용성·요금·좌표 확인 필요,01_raw_data/charging/서울시 소유 전기차 충전소 정보.csv
seoul_owned_청계8가 노상공영주차장_2,403,청계8가 노상공영주차장,서울시,서울특별시,중구,서울특별시 중구 흥인동 163-1,주차시설,공영주차장,DC콤보,True,False,50,단독,0,1440,0,1440,24시간 이용가능,,False,True,False,True,True,,,,,,,DC콤보 후보. 현장 진입·가용성·요금·좌표 확인 필요,01_raw_data/charging/서울시 소유 전기차 충전소 정보.csv
seoul_owned_청기와2 노상공영주차장_1,404,청기와2 노상공영주차장,서울시,서울특별시,마포구,서울특별시 마포구 동교로 95 유료 19번 구획,주차시설,공영주차장,DC콤보,True,False,50,단독,0,1440,0,1440,24시간 이용가능,,False,True,False,True,True,,,,,,,DC콤보 후보. 현장 진입·가용성·요금·좌표 확인 필요,01_raw_data/charging/서울시 소유 전기차 충전소 정보.csv
seoul_owned_청량리동주차장_1,405,청량리동주차장,서울시,서울특별시,동대문구,서울특별시 동대문구 홍릉로12길 18 청량리동공영주차장 지상2층,주차시설,공영주차장,DC콤보,True,False,100,단독,0,1440,0,1440,24시간 이용가능,,False,True,False,True,True,,,,,,,DC콤보 후보. 현장 진입·가용성·요금·좌표 확인 필요,01_raw_data/charging/서울시 소유 전기차 충전소 정보.csv
seoul_owned_청소년미래진로센터(하자센터)_1,406,청소년미래진로센터(하자센터),서울시,서울특별시,영등포구,서울특별시 영등포구 영신로 200 하자센터 신관 입구,공공시설,공공기관,DC콤보,True,False,100,동시,0,1440,0,1440,24시간 이용가능,,False,True,False,True,True,,,,,,,DC콤보 후보. 현장 진입·가용성·요금·좌표 확인 필요,01_raw_data/charging/서울시 소유 전기차 충전소 정보.csv
seoul_owned_청소년미래진로센터(하자센터)_2,407,청소년미래진로센터(하자센터),서울시,서울특별시,영등포구,서울특별시 영등포구 영신로 200 하자센터 신관 입구,공공시설,공공기관,DC콤보,True,False,100,동시,0,1440,0,1440,24시간 이용가능,,False,True,False,True,True,,,,,,,DC콤보 후보. 현장 진입·가용성·요금·좌표 확인 필요,01_raw_data/charging/서울시 소유 전기차 충전소 정보.csv
seoul_owned_초안산근린공원 거주자주차장_1,408,초안산근린공원 거주자주차장,서울시,서울특별시,도봉구,서울특별시 도봉구 덕릉로60길 135-70 공원 계단 입구 인근,주차시설,일반주차장,DC콤보,True,False,50,단독,0,1440,0,1440,24시간 이용가능,,False,True,False,True,True,,,,,,,DC콤보 후보. 현장 진입·가용성·요금·좌표 확인 필요,01_raw_data/charging/서울시 소유 전기차 충전소 정보.csv
seoul_owned_초안산수국동산_1,409,초안산수국동산,서울시,서울특별시,노원구,"서울 노원구 월계로45가길 9(염광중,고,메디텍고,유치원) (월계동, 초안산수국동산) 지상1층 정면 5m",주차시설,공영주차장,DC콤보,True,False,100,단독,0,1440,0,1440,24시간 이용가능,,False,True,False,True,True,,,,,,,DC콤보 후보. 현장 진입·가용성·요금·좌표 확인 필요,01_raw_data/charging/서울시 소유 전기차 충전소 정보.csv
seoul_owned_하월곡동 거주자우선주차장_1,410,하월곡동 거주자우선주차장,서울시,서울특별시,성북구,서울특별시 성북구 월곡로14길 24 하월곡동 거주자우선주차장,공공시설,지자체시설,DC콤보,True,False,100,단독,0,1440,0,1440,24시간 이용가능,,False,True,False,True,True,,,,,,,DC콤보 후보. 현장 진입·가용성·요금·좌표 확인 필요,01_raw_data/charging/서울시 소유 전기차 충전소 정보.csv
seoul_owned_하이서울유스호스텔(지하주차장)_1,411,하이서울유스호스텔(지하주차장),서울시,서울특별시,영등포구,서울특별시 영등포구 영신로 200 지하주차장 진입 후 우측,공공시설,지자체시설,AC3상,False,False,7,단독,0,1440,0,1440,24시간 이용가능,,False,True,False,False,False,,,,,,,AC3상 단독,01_raw_data/charging/서울시 소유 전기차 충전소 정보.csv
seoul_owned_한남동 공영주차장_1,412,한남동 공영주차장,서울시,서울특별시,용산구,서울특별시 용산구 이태원로 224-19 한남동 공영주차장,공공시설,주민센터,DC콤보,True,False,50,단독,0,1440,0,1440,24시간 이용가능,,False,True,False,True,True,,,,,,,DC콤보 후보. 현장 진입·가용성·요금·좌표 확인 필요,01_raw_data/charging/서울시 소유 전기차 충전소 정보.csv
seoul_owned_한마음공영주차장_1,413,한마음공영주차장,서울시,서울특별시,양천구,서울특별시 양천구 목동동로 316-6 목동한마음공영주차장,주차시설,공영주차장,DC콤보,True,False,200,동시,0,1440,0,1440,24시간 이용가능,,False,True,False,True,True,,,,,,,DC콤보 후보. 현장 진입·가용성·요금·좌표 확인 필요,01_raw_data/charging/서울시 소유 전기차 충전소 정보.csv
seoul_owned_한마음공영주차장_2,414,한마음공영주차장,서울시,서울특별시,양천구,서울특별시 양천구 목동동로 316-6 목동한마음공영주차장,주차시설,공영주차장,DC콤보,True,False,200,동시,0,1440,0,1440,24시간 이용가능,,False,True,False,True,True,,,,,,,DC콤보 후보. 현장 진입·가용성·요금·좌표 확인 필요,01_raw_data/charging/서울시 소유 전기차 충전소 정보.csv
seoul_owned_한마음공영주차장_3,415,한마음공영주차장,서울시,서울특별시,양천구,서울특별시 양천구 목동동로 316-6 목동한마음공영주차장,주차시설,공영주차장,DC콤보,True,False,200,동시,0,1440,0,1440,24시간 이용가능,,False,True,False,True,True,,,,,,,DC콤보 후보. 현장 진입·가용성·요금·좌표 확인 필요,01_raw_data/charging/서울시 소유 전기차 충전소 정보.csv
seoul_owned_한마음공영주차장_4,416,한마음공영주차장,서울시,서울특별시,양천구,서울특별시 양천구 목동동로 316-6 목동한마음공영주차장,주차시설,공영주차장,DC콤보,True,False,200,동시,0,1440,0,1440,24시간 이용가능,,False,True,False,True,True,,,,,,,DC콤보 후보. 현장 진입·가용성·요금·좌표 확인 필요,01_raw_data/charging/서울시 소유 전기차 충전소 정보.csv
seoul_owned_한마음공영주차장_5,417,한마음공영주차장,서울시,서울특별시,양천구,서울특별시 양천구 목동동로 316-6 목동한마음공영주차장,주차시설,공영주차장,DC콤보,True,False,200,동시,0,1440,0,1440,24시간 이용가능,,False,True,False,True,True,,,,,,,DC콤보 후보. 현장 진입·가용성·요금·좌표 확인 필요,01_raw_data/charging/서울시 소유 전기차 충전소 정보.csv
seoul_owned_한마음공영주차장_6,418,한마음공영주차장,서울시,서울특별시,양천구,서울특별시 양천구 목동동로 316-6 목동한마음공영주차장,주차시설,공영주차장,DC콤보,True,False,200,동시,0,1440,0,1440,24시간 이용가능,,False,True,False,True,True,,,,,,,DC콤보 후보. 현장 진입·가용성·요금·좌표 확인 필요,01_raw_data/charging/서울시 소유 전기차 충전소 정보.csv
seoul_owned_한마음공영주차장_7,419,한마음공영주차장,서울시,서울특별시,양천구,서울특별시 양천구 목동동로 316-6 목동한마음공영주차장,주차시설,공영주차장,DC콤보,True,False,200,동시,0,1440,0,1440,24시간 이용가능,,False,True,False,True,True,,,,,,,DC콤보 후보. 현장 진입·가용성·요금·좌표 확인 필요,01_raw_data/charging/서울시 소유 전기차 충전소 정보.csv
seoul_owned_한마음공영주차장_8,420,한마음공영주차장,서울시,서울특별시,양천구,서울특별시 양천구 목동동로 316-6 목동한마음공영주차장,주차시설,공영주차장,DC콤보,True,False,200,동시,0,1440,0,1440,24시간 이용가능,,False,True,False,True,True,,,,,,,DC콤보 후보. 현장 진입·가용성·요금·좌표 확인 필요,01_raw_data/charging/서울시 소유 전기차 충전소 정보.csv
seoul_owned_한마음공영주차장_9,421,한마음공영주차장,서울시,서울특별시,양천구,서울특별시 양천구 목동동로 316-6 목동한마음공영주차장,주차시설,공영주차장,DC콤보,True,False,200,동시,0,1440,0,1440,24시간 이용가능,,False,True,False,True,True,,,,,,,DC콤보 후보. 현장 진입·가용성·요금·좌표 확인 필요,01_raw_data/charging/서울시 소유 전기차 충전소 정보.csv
seoul_owned_한마음공영주차장_10,422,한마음공영주차장,서울시,서울특별시,양천구,서울특별시 양천구 목동동로 316-6 목동한마음공영주차장,주차시설,공영주차장,DC콤보,True,False,200,동시,0,1440,0,1440,24시간 이용가능,,False,True,False,True,True,,,,,,,DC콤보 후보. 현장 진입·가용성·요금·좌표 확인 필요,01_raw_data/charging/서울시 소유 전기차 충전소 정보.csv
seoul_owned_한마음공영주차장_11,423,한마음공영주차장,서울시,서울특별시,양천구,서울특별시 양천구 목동동로 316-6 목동한마음공영주차장,주차시설,공영주차장,DC콤보,True,False,200,동시,0,1440,0,1440,24시간 이용가능,,False,True,False,True,True,,,,,,,DC콤보 후보. 현장 진입·가용성·요금·좌표 확인 필요,01_raw_data/charging/서울시 소유 전기차 충전소 정보.csv
seoul_owned_한화꿈에그린아파트 거주자우선주차장_1,424,한화꿈에그린아파트 거주자우선주차장,서울시,서울특별시,광진구,서울특별시 광진구 자양동 97-1 신양중학교 정문 앞,주차시설,일반주차장,DC콤보,True,False,50,단독,0,1440,0,1440,24시간 이용가능,,False,True,False,True,True,,,,,,,DC콤보 후보. 현장 진입·가용성·요금·좌표 확인 필요,01_raw_data/charging/서울시 소유 전기차 충전소 정보.csv
seoul_owned_해맞이공영주차장 _1,425,해맞이공영주차장,서울시,서울특별시,양천구,서울특별시 양천구 지양로 53,주차시설,공영주차장,DC콤보,True,False,100,단독,0,1440,0,1440,24시간 이용가능,,False,True,False,True,True,,,,,,,DC콤보 후보. 현장 진입·가용성·요금·좌표 확인 필요,01_raw_data/charging/서울시 소유 전기차 충전소 정보.csv
seoul_owned_행운동제1공주차장_1,426,행운동제1공주차장,서울시,서울특별시,관악구,서울특별시 관악구 행운4길 21,주차시설,공영주차장,DC콤보,True,False,100,단독,0,1440,0,1440,24시간 이용가능,,False,True,False,True,True,,,,,,,DC콤보 후보. 현장 진입·가용성·요금·좌표 확인 필요,01_raw_data/charging/서울시 소유 전기차 충전소 정보.csv
seoul_owned_행운동제1공주차장_2,427,행운동제1공주차장,서울시,서울특별시,관악구,서울특별시 관악구 행운4길 21,주차시설,공영주차장,DC콤보,True,False,100,단독,0,1440,0,1440,24시간 이용가능,,False,True,False,True,True,,,,,,,DC콤보 후보. 현장 진입·가용성·요금·좌표 확인 필요,01_raw_data/charging/서울시 소유 전기차 충전소 정보.csv
seoul_owned_홍제1동 공용주차장_1,428,홍제1동 공용주차장,서울시,서울특별시,서대문구,"서울특별시 서대문구 홍제내2바길 18 (홍제동, 홍제1동제1공영주차장) 지상 1층 마을버스정류장 옆",주차시설,공영주차장,DC콤보,True,False,100,동시,0,1440,0,1440,24시간 이용가능,,False,True,False,True,True,,,,,,,DC콤보 후보. 현장 진입·가용성·요금·좌표 확인 필요,01_raw_data/charging/서울시 소유 전기차 충전소 정보.csv
seoul_owned_홍제1동 공용주차장_2,429,홍제1동 공용주차장,서울시,서울특별시,서대문구,"서울특별시 서대문구 홍제내2바길 18 (홍제동, 홍제1동제1공영주차장) 지상 1층 마을버스정류장 옆",주차시설,공영주차장,DC콤보,True,False,100,동시,0,1440,0,1440,24시간 이용가능,,False,True,False,True,True,,,,,,,DC콤보 후보. 현장 진입·가용성·요금·좌표 확인 필요,01_raw_data/charging/서울시 소유 전기차 충전소 정보.csv
seoul_owned_홍제동 주영빌딩 앞전기차 충전소_1,430,홍제동 주영빌딩 앞전기차 충전소,서울시,서울특별시,서대문구,서울특별시 서대문구 홍제내길 128,주차시설,공영주차장,DC콤보,True,False,50,단독,0,1440,0,1440,24시간 이용가능,,False,True,False,True,True,,,,,,,DC콤보 후보. 현장 진입·가용성·요금·좌표 확인 필요,01_raw_data/charging/서울시 소유 전기차 충전소 정보.csv
seoul_owned_화곡본동주민센터_1,431,화곡본동주민센터,서울시,서울특별시,강서구,서울특별시 강서구 초록마을로5길 29 화곡본동주민센터 지상1층,공공시설,주민센터,DC콤보,True,False,100,단독,0,1440,0,1440,24시간 이용가능,,False,True,False,True,True,,,,,,,DC콤보 후보. 현장 진입·가용성·요금·좌표 확인 필요,01_raw_data/charging/서울시 소유 전기차 충전소 정보.csv
seoul_owned_화창운수 앞 가로등형 충전소_1,432,화창운수 앞 가로등형 충전소,서울시,서울특별시,마포구,서울특별시 마포구 토정로 272 전기차충전소,기타시설,기타,DC콤보,True,False,50,단독,480,1140,540,1080,"주중 08:00~19:00, 주말 09:00~18:00",,False,True,False,True,True,,,,,,,DC콤보 후보. 현장 진입·가용성·요금·좌표 확인 필요,01_raw_data/charging/서울시 소유 전기차 충전소 정보.csv
seoul_owned_훈련원공원 노상공영주차장_1,433,훈련원공원 노상공영주차장,서울시,서울특별시,중구,서울특별시 중구 을지로 227,주차시설,공영주차장,DC콤보,True,False,50,단독,0,1440,0,1440,24시간 이용가능,,False,True,False,True,True,,,,,,,DC콤보 후보. 현장 진입·가용성·요금·좌표 확인 필요,01_raw_data/charging/서울시 소유 전기차 충전소 정보.csv
seoul_owned_휘경동 노외공영주차장_1,434,휘경동 노외공영주차장,서울시,서울특별시,동대문구,서울특별시 동대문구 휘경로14길 14,주차시설,공영주차장,DC콤보,True,False,50,단독,0,1440,0,1440,24시간 이용가능,,False,True,False,True,True,,,,,,,DC콤보 후보. 현장 진입·가용성·요금·좌표 확인 필요,01_raw_data/charging/서울시 소유 전기차 충전소 정보.csv
